#CHROM	POS	ID	REF	ALT	QUAL	FILTER	INFO	FORMAT	HG00096	HG00101	HG00103	HG00105	HG00107	HG00108	HG00109	HG00112	HG00113	HG00114	HG00115	HG00116	HG00117	HG00119	HG00126	HG00129	HG00131	HG00136	HG00138
Y	2655180	.	G	A	100	PASS	AA=G	AC=22	AN=1233	DP=84761	NS=1233	VT=SNP	EX_TARGET	AMR_AF=0.0000	AF=0.0178	AFR_AF=0.0000	EUR_AF=0.0000	SAS_AF=0.0000	EAS_AF=0.0902	GT	0	0	0	0	0	0	0
Y	2655471	.	A	C	100	PASS	AA=A	AC=5	AN=1233	DP=72067	NS=1233	VT=SNP	EX_TARGET	AMR_AF=0.0000	AF=0.0041	AFR_AF=0.0000	EUR_AF=0.0000	SAS_AF=0.0000	EAS_AF=0.0205	GT	0	0	0	0	0	0	0
Y	2655754	.	A	T	100	PASS	AA=A	AC=1	AN=1233	DP=20409	NS=1233	VT=SNP	AMR_AF=0.0000	AF=0.0008	AFR_AF=0.0000	EUR_AF=0.0000	SAS_AF=0.0038	EAS_AF=0.0000	GT	0	0	0	0	0	0	0	0
Y	2655800	.	A	G	100	PASS	AA=A	AC=1	AN=1233	DP=11595	NS=1233	VT=SNP	AMR_AF=0.0000	AF=0.0008	AFR_AF=0.0000	EUR_AF=0.0000	SAS_AF=0.0038	EAS_AF=0.0000	GT	0	0	0	0	0	0	0	0
Y	2655989	.	A	G	100	PASS	AA=A	AC=1	AN=1233	DP=4904	NS=1233	VT=SNP	AMR_AF=0.0000	AF=0.0008	AFR_AF=0.0000	EUR_AF=0.0000	SAS_AF=0.0000	EAS_AF=0.0041	GT	0	0	0	0	0	0	0	0
Y	2655994	.	C	G	100	PASS	AA=C	AC=1	AN=1233	DP=4851	NS=1233	VT=SNP	AMR_AF=0.0000	AF=0.0008	AFR_AF=0.0000	EUR_AF=0.0000	SAS_AF=0.0038	EAS_AF=0.0000	GT	0	0	0	0	0	0	0	0
Y	2656126	.	C	T	100	PASS	AA=C	AC=1	AN=1233	DP=4177	NS=1233	VT=SNP	AMR_AF=0.0000	AF=0.0008	AFR_AF=0.0000	EUR_AF=0.0000	SAS_AF=0.0038	EAS_AF=0.0000	GT	0	0	0	0	0	0	0	0
Y	2656127	.	G	C	100	PASS	AA=G	AC=14	AN=1233	DP=4165	NS=1233	VT=SNP	AMR_AF=0.0000	AF=0.0114	AFR_AF=0.0000	EUR_AF=0.0000	SAS_AF=0.0538	EAS_AF=0.0000	GT	0	0	0	0	0	0	0	0
Y	2656276	.	G	A	100	PASS	AA=G	AC=2	AN=1233	DP=4142	NS=1233	VT=SNP	AMR_AF=0.0000	AF=0.0016	AFR_AF=0.0063	EUR_AF=0.0000	SAS_AF=0.0000	EAS_AF=0.0000	GT	0	0	0	0	0	0	0	0
Y	2656677	.	A	G	100	PASS	AA=A	AC=1	AN=1233	DP=4114	NS=1233	VT=SNP	AMR_AF=0.0000	AF=0.0008	AFR_AF=0.0000	EUR_AF=0.0000	SAS_AF=0.0038	EAS_AF=0.0000	GT	0	0	0	0	0	0	0	0
Y	2657176	.	C	T	100	PASS	AA=T	AC=89	AN=1233	DP=5211	NS=1233	VT=SNP	AMR_AF=0.0059	AF=0.0722	AFR_AF=0.0157	EUR_AF=0.0500	SAS_AF=0.2731	EAS_AF=0.0000	GT	0	0	0	0	0	0	1	0
Y	2657205	.	C	G	100	PASS	AA=C	AC=1	AN=1233	DP=5215	NS=1233	VT=SNP	AMR_AF=0.0000	AF=0.0008	AFR_AF=0.0000	EUR_AF=0.0000	SAS_AF=0.0000	EAS_AF=0.0041	GT	0	0	0	0	0	0	0	0
Y	2657214	.	G	C	100	PASS	AA=G	AC=2	AN=1233	DP=5204	NS=1233	VT=SNP	AMR_AF=0.0000	AF=0.0016	AFR_AF=0.0000	EUR_AF=0.0000	SAS_AF=0.0000	EAS_AF=0.0082	GT	0	0	0	0	0	0	0	0
Y	2657239	.	C	G	100	PASS	AA=C	AC=2	AN=1233	DP=5247	NS=1233	VT=SNP	AMR_AF=0.0118	AF=0.0016	AFR_AF=0.0000	EUR_AF=0.0000	SAS_AF=0.0000	EAS_AF=0.0000	GT	0	0	0	0	0	0	0	0
Y	2657247	.	G	A	100	PASS	AA=G	AC=1	AN=1233	DP=5250	NS=1233	VT=SNP	AMR_AF=0.0059	AF=0.0008	AFR_AF=0.0000	EUR_AF=0.0000	SAS_AF=0.0000	EAS_AF=0.0000	GT	0	0	0	0	0	0	0	0
Y	2657349	.	T	C	100	PASS	AA=T	AC=1	AN=1233	DP=5314	NS=1233	VT=SNP	AMR_AF=0.0000	AF=0.0008	AFR_AF=0.0000	EUR_AF=0.0042	SAS_AF=0.0000	EAS_AF=0.0000	GT	0	0	0	0	0	0	0	0
Y	2657442	.	T	G	100	PASS	AA=T	AC=2	AN=1225	DP=5194	NS=1225	VT=SNP	AMR_AF=0.0000	AF=0.0016	AFR_AF=0.0000	EUR_AF=0.0000	SAS_AF=0.0000	EAS_AF=0.0085	GT	0	0	0	0	0	0	0	0
Y	2657502	.	C	T	100	PASS	AA=C	AC=1	AN=1233	DP=5304	NS=1233	VT=SNP	AMR_AF=0.0000	AF=0.0008	AFR_AF=0.0000	EUR_AF=0.0000	SAS_AF=0.0000	EAS_AF=0.0041	GT	0	0	0	0	0	0	0	0
Y	2657514	.	T	G	100	PASS	AA=T	AC=3	AN=1220	DP=5094	NS=1220	VT=SNP	AMR_AF=0.0059	AF=0.0025	AFR_AF=0.0065	EUR_AF=0.0000	SAS_AF=0.0000	EAS_AF=0.0000	GT	0	0	0	0	0	0	0	0
Y	2658271	.	G	A	100	PASS	AA=G	AC=10	AN=1233	DP=9802	NS=1233	VT=SNP	AMR_AF=0.0353	AF=0.0081	AFR_AF=0.0031	EUR_AF=0.0125	SAS_AF=0.0000	EAS_AF=0.0000	GT	0	0	0	0	0	0	0	0
Y	2658683	.	A	G	100	PASS	AA=A	AC=1	AN=1233	DP=4499	NS=1233	VT=SNP	AMR_AF=0.0000	AF=0.0008	AFR_AF=0.0000	EUR_AF=0.0000	SAS_AF=0.0000	EAS_AF=0.0041	GT	0	0	0	0	0	0	0	0
Y	2658702	.	A	G	100	PASS	AA=A	AC=1	AN=1233	DP=4581	NS=1233	VT=SNP	AMR_AF=0.0000	AF=0.0008	AFR_AF=0.0031	EUR_AF=0.0000	SAS_AF=0.0000	EAS_AF=0.0000	GT	0	0	0	0	0	0	0	0
Y	2658745	.	T	C	100	PASS	AA=T	AC=1	AN=1233	DP=4052	NS=1233	VT=SNP	AMR_AF=0.0000	AF=0.0008	AFR_AF=0.0031	EUR_AF=0.0000	SAS_AF=0.0000	EAS_AF=0.0000	GT	0	0	0	0	0	0	0	0
Y	2658789	.	T	A	100	PASS	AA=T	AC=19	AN=1092	DP=2167	NS=1092	VT=SNP	AMR_AF=0.0567	AF=0.0174	AFR_AF=0.0153	EUR_AF=0.0194	SAS_AF=0.0083	EAS_AF=0.0041	GT	0	0	.	.	0	0	0	0
Y	2659133	.	T	G	100	PASS	AA=T	AC=1	AN=1233	DP=4248	NS=1233	VT=SNP	AMR_AF=0.0000	AF=0.0008	AFR_AF=0.0000	EUR_AF=0.0042	SAS_AF=0.0000	EAS_AF=0.0000	GT	0	0	1	0	0	0	0	0
Y	2659191	.	T	C	100	PASS	AA=T	AC=1	AN=1233	DP=4628	NS=1233	VT=SNP	AMR_AF=0.0000	AF=0.0008	AFR_AF=0.0000	EUR_AF=0.0042	SAS_AF=0.0000	EAS_AF=0.0000	GT	0	0	0	0	0	0	0	0
Y	2659306	.	G	C	100	PASS	AA=G	AC=1	AN=1233	DP=4062	NS=1233	VT=SNP	AMR_AF=0.0000	AF=0.0008	AFR_AF=0.0031	EUR_AF=0.0000	SAS_AF=0.0000	EAS_AF=0.0000	GT	0	0	0	0	0	0	0	0
Y	2659347	.	A	C	100	PASS	AA=A	AC=31	AN=1233	DP=4159	NS=1233	VT=SNP	AMR_AF=0.0118	AF=0.0251	AFR_AF=0.0125	EUR_AF=0.1042	SAS_AF=0.0000	EAS_AF=0.0000	GT	0	1	0	0	0	0	0	0
Y	2659378	.	T	C	100	PASS	AA=T	AC=3	AN=1233	DP=4015	NS=1233	VT=SNP	AMR_AF=0.0000	AF=0.0024	AFR_AF=0.0000	EUR_AF=0.0000	SAS_AF=0.0115	EAS_AF=0.0000	GT	0	0	0	0	0	0	0	0
Y	2659552	.	C	G	100	PASS	AA=C	AC=1	AN=1233	DP=4406	NS=1233	VT=SNP	AMR_AF=0.0000	AF=0.0008	AFR_AF=0.0031	EUR_AF=0.0000	SAS_AF=0.0000	EAS_AF=0.0000	GT	0	0	0	0	0	0	0	0
Y	2659955	.	A	T	100	PASS	AA=A	AC=2	AN=1233	DP=4965	NS=1233	VT=SNP	AMR_AF=0.0000	AF=0.0016	AFR_AF=0.0000	EUR_AF=0.0000	SAS_AF=0.0077	EAS_AF=0.0000	GT	0	0	0	0	0	0	0	0
Y	2660791	.	C	T	100	PASS	AA=C	AC=1	AN=1233	DP=4550	NS=1233	VT=SNP	AMR_AF=0.0000	AF=0.0008	AFR_AF=0.0031	EUR_AF=0.0000	SAS_AF=0.0000	EAS_AF=0.0000	GT	0	0	0	0	0	0	0	0
Y	2660891	.	C	A	100	PASS	AA=C	AC=18	AN=1219	DP=4617	NS=1219	VT=SNP	AMR_AF=0.0000	AF=0.0148	AFR_AF=0.0000	EUR_AF=0.0000	SAS_AF=0.0692	EAS_AF=0.0000	GT	0	0	0	0	0	0	0	0
Y	2661021	.	T	C	100	PASS	AA=T	AC=1	AN=1233	DP=4183	NS=1233	VT=SNP	AMR_AF=0.0059	AF=0.0008	AFR_AF=0.0000	EUR_AF=0.0000	SAS_AF=0.0000	EAS_AF=0.0000	GT	0	0	0	0	0	0	0	0
Y	2661236	.	C	T	100	PASS	AA=C	AC=1	AN=1233	DP=4082	NS=1233	VT=SNP	AMR_AF=0.0000	AF=0.0008	AFR_AF=0.0000	EUR_AF=0.0000	SAS_AF=0.0038	EAS_AF=0.0000	GT	0	0	0	0	0	0	0	0
Y	2661269	.	G	A	100	PASS	AA=G	AC=1	AN=1233	DP=3955	NS=1233	VT=SNP	AMR_AF=0.0059	AF=0.0008	AFR_AF=0.0000	EUR_AF=0.0000	SAS_AF=0.0000	EAS_AF=0.0000	GT	0	0	0	0	0	0	0	0
Y	2661405	.	A	T	100	PASS	AA=A	AC=2	AN=1233	DP=3725	NS=1233	VT=SNP	AMR_AF=0.0000	AF=0.0016	AFR_AF=0.0000	EUR_AF=0.0000	SAS_AF=0.0000	EAS_AF=0.0082	GT	0	0	0	0	0	0	0	0
Y	2661689	.	C	G	100	PASS	AA=C	AC=1	AN=1233	DP=4078	NS=1233	VT=SNP	AMR_AF=0.0000	AF=0.0008	AFR_AF=0.0000	EUR_AF=0.0000	SAS_AF=0.0000	EAS_AF=0.0041	GT	0	0	0	0	0	0	0	0
Y	2661761	.	C	A	100	PASS	AA=C	AC=3	AN=1233	DP=4487	NS=1233	VT=SNP	AMR_AF=0.0000	AF=0.0024	AFR_AF=0.0000	EUR_AF=0.0125	SAS_AF=0.0000	EAS_AF=0.0000	GT	0	0	0	0	0	0	0	0
Y	2661813	.	A	C	100	PASS	AA=A	AC=44	AN=1233	DP=4685	NS=1233	VT=SNP	AMR_AF=0.0000	AF=0.0357	AFR_AF=0.0000	EUR_AF=0.0000	SAS_AF=0.1692	EAS_AF=0.0000	GT	0	0	0	0	0	0	0	0
Y	2662086	.	G	A	100	PASS	AA=G	AC=1	AN=1233	DP=4941	NS=1233	VT=SNP	AMR_AF=0.0000	AF=0.0008	AFR_AF=0.0000	EUR_AF=0.0000	SAS_AF=0.0038	EAS_AF=0.0000	GT	0	0	0	0	0	0	0	0
Y	2662121	.	A	G	100	PASS	AA=A	AC=1	AN=1233	DP=5004	NS=1233	VT=SNP	AMR_AF=0.0000	AF=0.0008	AFR_AF=0.0000	EUR_AF=0.0042	SAS_AF=0.0000	EAS_AF=0.0000	GT	0	0	0	0	0	0	0	0
Y	2662351	.	G	A	100	PASS	AA=G	AC=1	AN=1233	DP=4679	NS=1233	VT=SNP	AMR_AF=0.0000	AF=0.0008	AFR_AF=0.0000	EUR_AF=0.0000	SAS_AF=0.0038	EAS_AF=0.0000	GT	0	0	0	0	0	0	0	0
Y	2662740	.	C	T	100	PASS	AA=C	AC=48	AN=1233	DP=4721	NS=1233	VT=SNP	AMR_AF=0.0176	AF=0.0389	AFR_AF=0.1411	EUR_AF=0.0000	SAS_AF=0.0000	EAS_AF=0.0000	GT	0	0	0	0	0	0	0	0
Y	2662805	.	T	C	100	PASS	AA=T	AC=17	AN=1233	DP=4819	NS=1233	VT=SNP	AMR_AF=0.0000	AF=0.0138	AFR_AF=0.0000	EUR_AF=0.0000	SAS_AF=0.0000	EAS_AF=0.0697	GT	0	0	0	0	0	0	0	0
Y	2662898	.	T	C	100	PASS	AA=T	AC=1	AN=1233	DP=4793	NS=1233	VT=SNP	AMR_AF=0.0000	AF=0.0008	AFR_AF=0.0000	EUR_AF=0.0000	SAS_AF=0.0000	EAS_AF=0.0041	GT	0	0	0	0	0	0	0	0
Y	2663097	.	T	C	100	PASS	AA=T	AC=1	AN=1233	DP=4846	NS=1233	VT=SNP	AMR_AF=0.0000	AF=0.0008	AFR_AF=0.0000	EUR_AF=0.0000	SAS_AF=0.0038	EAS_AF=0.0000	GT	0	0	0	0	0	0	0	0
Y	2663708	.	A	T	100	PASS	AA=A	AC=324	AN=1077	DP=3044	NS=1077	VT=SNP	AMR_AF=0.0552	AF=0.3008	AFR_AF=0.7782	EUR_AF=0.0090	SAS_AF=0.0128	EAS_AF=0.4976	GT	0	0	0	0	0	0	0	0
Y	2663712	.	T	A	100	PASS	AA=T	AC=33	AN=1233	DP=3219	NS=1233	VT=SNP	AMR_AF=0.0118	AF=0.0268	AFR_AF=0.0125	EUR_AF=0.1042	SAS_AF=0.0077	EAS_AF=0.0000	GT	0	1	0	0	0	0	0	0
Y	2663943	.	C	T	100	PASS	AA=C	AC=322	AN=1233	DP=4459	NS=1233	VT=SNP	AMR_AF=0.1765	AF=0.2612	AFR_AF=0.8966	EUR_AF=0.0250	SAS_AF=0.0000	EAS_AF=0.0000	GT	0	0	0	0	0	0	0	0
Y	2664097	.	T	C	100	PASS	AA=T	AC=1	AN=1233	DP=5749	NS=1233	VT=SNP	AMR_AF=0.0000	AF=0.0008	AFR_AF=0.0000	EUR_AF=0.0042	SAS_AF=0.0000	EAS_AF=0.0000	GT	0	0	0	0	0	0	0	0
Y	2664779	.	TTGA	T	100	PASS	AA=TTGA	AC=3	AN=1233	DP=4783	NS=1233	VT=INDEL	AMR_AF=0.0000	AF=0.0024	AFR_AF=0.0000	EUR_AF=0.0000	SAS_AF=0.0115	EAS_AF=0.0000	GT	0	0	0	0	0	0	0	0
Y	2664971	.	C	T	100	PASS	AA=C	AC=1	AN=1233	DP=3907	NS=1233	VT=SNP	AMR_AF=0.0059	AF=0.0008	AFR_AF=0.0000	EUR_AF=0.0000	SAS_AF=0.0000	EAS_AF=0.0000	GT	0	0	0	0	0	0	0	0
Y	2665280	.	C	T	100	PASS	AA=C	AC=2	AN=1233	DP=2634	NS=1233	VT=SNP	AMR_AF=0.0000	AF=0.0016	AFR_AF=0.0031	EUR_AF=0.0000	SAS_AF=0.0000	EAS_AF=0.0041	GT	0	0	0	0	0	0	0	0
Y	2665320	.	G	A	100	PASS	AA=G	AC=2	AN=1214	DP=3924	NS=1214	VT=SNP	AMR_AF=0.0000	AF=0.0016	AFR_AF=0.0000	EUR_AF=0.0087	SAS_AF=0.0000	EAS_AF=0.0000	GT	0	0	0	0	0	0	0	.
Y	2665616	.	A	G	100	PASS	AA=.	AC=2	AN=1233	DP=5308	NS=1233	VT=SNP	AMR_AF=0.0000	AF=0.0016	AFR_AF=0.0063	EUR_AF=0.0000	SAS_AF=0.0000	EAS_AF=0.0000	GT	0	0	0	0	0	0	0	0
Y	2665914	.	A	G	100	PASS	AA=A	AC=1	AN=1233	DP=5212	NS=1233	VT=SNP	AMR_AF=0.0000	AF=0.0008	AFR_AF=0.0031	EUR_AF=0.0000	SAS_AF=0.0000	EAS_AF=0.0000	GT	0	0	0	0	0	0	0	0
Y	2666317	.	C	T	100	PASS	AA=C	AC=2	AN=1233	DP=5709	NS=1233	VT=SNP	AMR_AF=0.0000	AF=0.0016	AFR_AF=0.0000	EUR_AF=0.0000	SAS_AF=0.0077	EAS_AF=0.0000	GT	0	0	0	0	0	0	0	0
Y	2666508	.	G	A	100	PASS	AA=G	AC=2	AN=1233	DP=4741	NS=1233	VT=SNP	AMR_AF=0.0000	AF=0.0016	AFR_AF=0.0000	EUR_AF=0.0000	SAS_AF=0.0077	EAS_AF=0.0000	GT	0	0	0	0	0	0	0	0
Y	2666579	.	C	T	100	PASS	AA=C	AC=1	AN=1233	DP=4458	NS=1233	VT=SNP	AMR_AF=0.0000	AF=0.0008	AFR_AF=0.0031	EUR_AF=0.0000	SAS_AF=0.0000	EAS_AF=0.0000	GT	0	0	0	0	0	0	0	0
Y	2666847	.	T	C	100	PASS	AA=T	AC=26	AN=1233	DP=5222	NS=1233	VT=SNP	AMR_AF=0.0000	AF=0.0211	AFR_AF=0.0000	EUR_AF=0.0000	SAS_AF=0.0000	EAS_AF=0.1066	GT	0	0	0	0	0	0	0	0
Y	2667652	.	A	G	100	PASS	AA=A	AC=44	AN=1233	DP=5642	NS=1233	VT=SNP	AMR_AF=0.0000	AF=0.0357	AFR_AF=0.0000	EUR_AF=0.0000	SAS_AF=0.0077	EAS_AF=0.1721	GT	0	0	0	0	0	0	0	0
Y	2667783	.	C	T	100	PASS	AA=C	AC=4	AN=1233	DP=5622	NS=1233	VT=SNP	AMR_AF=0.0000	AF=0.0032	AFR_AF=0.0000	EUR_AF=0.0000	SAS_AF=0.0154	EAS_AF=0.0000	GT	0	0	0	0	0	0	0	0
Y	2667926	.	T	C	100	PASS	AA=T	AC=18	AN=1224	DP=4450	NS=1224	VT=SNP	AMR_AF=0.0000	AF=0.0147	AFR_AF=0.0031	EUR_AF=0.0000	SAS_AF=0.0039	EAS_AF=0.0658	GT	0	0	0	0	0	0	0	0
Y	2668007	.	T	A	100	PASS	AA=T	AC=1	AN=1233	DP=4138	NS=1233	VT=SNP	AMR_AF=0.0000	AF=0.0008	AFR_AF=0.0000	EUR_AF=0.0042	SAS_AF=0.0000	EAS_AF=0.0000	GT	0	0	0	0	0	0	0	0
Y	2668224	.	A	G	100	PASS	AA=A	AC=2	AN=1233	DP=2661	NS=1233	VT=SNP	AMR_AF=0.0000	AF=0.0016	AFR_AF=0.0063	EUR_AF=0.0000	SAS_AF=0.0000	EAS_AF=0.0000	GT	0	0	0	0	0	0	0	0
Y	2668400	.	A	G	100	PASS	AA=A	AC=1	AN=1233	DP=3236	NS=1233	VT=SNP	AMR_AF=0.0000	AF=0.0008	AFR_AF=0.0000	EUR_AF=0.0000	SAS_AF=0.0038	EAS_AF=0.0000	GT	0	0	0	0	0	0	0	0
Y	2668456	.	T	C	100	PASS	AA=C	AC=1020	AN=1233	DP=3378	NS=1233	VT=SNP	AMR_AF=0.5824	AF=0.8273	AFR_AF=0.9624	EUR_AF=0.4667	SAS_AF=0.9962	EAS_AF=0.9959	GT	0	1	0	0	0	0	1	0
Y	2668519	.	T	C	100	PASS	AA=.	AC=2	AN=1233	DP=3799	NS=1233	VT=SNP	AMR_AF=0.0000	AF=0.0016	AFR_AF=0.0063	EUR_AF=0.0000	SAS_AF=0.0000	EAS_AF=0.0000	GT	0	0	0	0	0	0	0	0
Y	2668533	.	C	A	100	PASS	AA=C	AC=7	AN=1233	DP=3905	NS=1233	VT=SNP	AMR_AF=0.0059	AF=0.0057	AFR_AF=0.0188	EUR_AF=0.0000	SAS_AF=0.0000	EAS_AF=0.0000	GT	0	0	0	0	0	0	0	0
Y	2668621	.	T	C	100	PASS	AA=T	AC=1	AN=1233	DP=4453	NS=1233	VT=SNP	AMR_AF=0.0000	AF=0.0008	AFR_AF=0.0000	EUR_AF=0.0000	SAS_AF=0.0038	EAS_AF=0.0000	GT	0	0	0	0	0	0	0	0
Y	2669005	.	C	T	100	PASS	AA=C	AC=2	AN=1233	DP=3652	NS=1233	VT=SNP	AMR_AF=0.0000	AF=0.0016	AFR_AF=0.0000	EUR_AF=0.0000	SAS_AF=0.0000	EAS_AF=0.0082	GT	0	0	0	0	0	0	0	0
Y	2669416	.	G	A	100	PASS	AA=A	AC=5	AN=1233	DP=3634	NS=1233	VT=SNP	AMR_AF=0.0000	AF=0.0041	AFR_AF=0.0157	EUR_AF=0.0000	SAS_AF=0.0000	EAS_AF=0.0000	GT	0	0	0	0	0	0	0	0
Y	2669716	.	C	T	100	PASS	AA=C	AC=1	AN=1233	DP=4300	NS=1233	VT=SNP	AMR_AF=0.0059	AF=0.0008	AFR_AF=0.0000	EUR_AF=0.0000	SAS_AF=0.0000	EAS_AF=0.0000	GT	0	0	0	0	0	0	0	0
Y	2669805	.	A	C	100	PASS	AA=A	AC=5	AN=1233	DP=4313	NS=1233	VT=SNP	AMR_AF=0.0000	AF=0.0041	AFR_AF=0.0157	EUR_AF=0.0000	SAS_AF=0.0000	EAS_AF=0.0000	GT	0	0	0	0	0	0	0	0
Y	2669922	.	A	G	100	PASS	AA=A	AC=3	AN=1233	DP=4035	NS=1233	VT=SNP	AMR_AF=0.0000	AF=0.0024	AFR_AF=0.0094	EUR_AF=0.0000	SAS_AF=0.0000	EAS_AF=0.0000	GT	0	0	0	0	0	0	0	0
Y	2670160	.	G	T	100	PASS	AA=G	AC=1	AN=1233	DP=4983	NS=1233	VT=SNP	AMR_AF=0.0000	AF=0.0008	AFR_AF=0.0000	EUR_AF=0.0042	SAS_AF=0.0000	EAS_AF=0.0000	GT	0	0	0	0	0	0	0	0
Y	2670196	.	A	G	100	PASS	AA=A	AC=1	AN=1233	DP=5478	NS=1233	VT=SNP	AMR_AF=0.0000	AF=0.0008	AFR_AF=0.0031	EUR_AF=0.0000	SAS_AF=0.0000	EAS_AF=0.0000	GT	0	0	0	0	0	0	0	0
Y	2670219	.	C	A	100	PASS	AA=C	AC=2	AN=1233	DP=5484	NS=1233	VT=SNP	AMR_AF=0.0000	AF=0.0016	AFR_AF=0.0000	EUR_AF=0.0000	SAS_AF=0.0077	EAS_AF=0.0000	GT	0	0	0	0	0	0	0	0
Y	2670454	.	G	A	100	PASS	AA=A	AC=5	AN=1233	DP=5021	NS=1233	VT=SNP	AMR_AF=0.0000	AF=0.0041	AFR_AF=0.0157	EUR_AF=0.0000	SAS_AF=0.0000	EAS_AF=0.0000	GT	0	0	0	0	0	0	0	0
Y	2670540	.	A	G	100	PASS	AA=A	AC=1	AN=1233	DP=5172	NS=1233	VT=SNP	AMR_AF=0.0000	AF=0.0008	AFR_AF=0.0000	EUR_AF=0.0042	SAS_AF=0.0000	EAS_AF=0.0000	GT	0	0	0	0	0	0	0	0
Y	2670700	.	T	A	100	PASS	AA=T	AC=1	AN=1233	DP=4756	NS=1233	VT=SNP	AMR_AF=0.0059	AF=0.0008	AFR_AF=0.0000	EUR_AF=0.0000	SAS_AF=0.0000	EAS_AF=0.0000	GT	0	0	0	0	0	0	0	0
Y	2670961	.	G	A	100	PASS	AA=G	AC=1	AN=1233	DP=4953	NS=1233	VT=SNP	AMR_AF=0.0000	AF=0.0008	AFR_AF=0.0000	EUR_AF=0.0000	SAS_AF=0.0000	EAS_AF=0.0041	GT	0	0	0	0	0	0	0	0
Y	2670995	.	A	G	100	PASS	AA=A	AC=1	AN=1233	DP=5042	NS=1233	VT=SNP	AMR_AF=0.0000	AF=0.0008	AFR_AF=0.0000	EUR_AF=0.0000	SAS_AF=0.0038	EAS_AF=0.0000	GT	0	0	0	0	0	0	0	0
Y	2671229	.	C	T	100	PASS	AA=C	AC=52	AN=1218	DP=5336	NS=1218	VT=SNP	AMR_AF=0.1243	AF=0.0427	AFR_AF=0.0260	EUR_AF=0.0209	SAS_AF=0.0000	EAS_AF=0.0744	GT	0	0	0	0	0	0	0	0
Y	2671556	.	A	G	100	PASS	AA=A	AC=2	AN=1233	DP=5598	NS=1233	VT=SNP	AMR_AF=0.0000	AF=0.0016	AFR_AF=0.0063	EUR_AF=0.0000	SAS_AF=0.0000	EAS_AF=0.0000	GT	0	0	0	0	0	0	0	0
Y	2671719	.	A	G	100	PASS	AA=A	AC=1	AN=1233	DP=5502	NS=1233	VT=SNP	AMR_AF=0.0000	AF=0.0008	AFR_AF=0.0031	EUR_AF=0.0000	SAS_AF=0.0000	EAS_AF=0.0000	GT	0	0	0	0	0	0	0	0
Y	2671773	.	G	A	100	PASS	AA=G	AC=2	AN=1233	DP=5371	NS=1233	VT=SNP	AMR_AF=0.0059	AF=0.0016	AFR_AF=0.0000	EUR_AF=0.0000	SAS_AF=0.0000	EAS_AF=0.0041	GT	0	0	0	0	0	0	0	0
Y	2671805	.	C	T	100	PASS	AA=C	AC=1	AN=1233	DP=5350	NS=1233	VT=SNP	AMR_AF=0.0000	AF=0.0008	AFR_AF=0.0031	EUR_AF=0.0000	SAS_AF=0.0000	EAS_AF=0.0000	GT	0	0	0	0	0	0	0	0
Y	2671852	.	C	T	100	PASS	AA=C	AC=5	AN=1233	DP=5476	NS=1233	VT=SNP	AMR_AF=0.0000	AF=0.0041	AFR_AF=0.0157	EUR_AF=0.0000	SAS_AF=0.0000	EAS_AF=0.0000	GT	0	0	0	0	0	0	0	0
Y	2672037	.	A	G	100	PASS	AA=A	AC=3	AN=1233	DP=5501	NS=1233	VT=SNP	AMR_AF=0.0000	AF=0.0024	AFR_AF=0.0094	EUR_AF=0.0000	SAS_AF=0.0000	EAS_AF=0.0000	GT	0	0	0	0	0	0	0	0
Y	2672087	.	T	C	100	PASS	AA=T	AC=3	AN=1233	DP=5301	NS=1233	VT=SNP	AMR_AF=0.0000	AF=0.0024	AFR_AF=0.0000	EUR_AF=0.0000	SAS_AF=0.0115	EAS_AF=0.0000	GT	0	0	0	0	0	0	0	0
Y	2672138	.	C	T	100	PASS	AA=C	AC=1	AN=1233	DP=5158	NS=1233	VT=SNP	AMR_AF=0.0000	AF=0.0008	AFR_AF=0.0031	EUR_AF=0.0000	SAS_AF=0.0000	EAS_AF=0.0000	GT	0	0	0	0	0	0	0	0
Y	2672386	.	T	C	100	PASS	AA=T	AC=3	AN=1233	DP=5092	NS=1233	VT=SNP	AMR_AF=0.0000	AF=0.0024	AFR_AF=0.0000	EUR_AF=0.0000	SAS_AF=0.0115	EAS_AF=0.0000	GT	0	0	0	0	0	0	0	0
Y	2672425	.	T	G	100	PASS	AA=T	AC=1	AN=1233	DP=4960	NS=1233	VT=SNP	AMR_AF=0.0000	AF=0.0008	AFR_AF=0.0000	EUR_AF=0.0042	SAS_AF=0.0000	EAS_AF=0.0000	GT	0	0	0	0	0	0	0	0
Y	2672454	.	C	A	100	PASS	AA=C	AC=20	AN=1233	DP=4808	NS=1233	VT=SNP	AMR_AF=0.0059	AF=0.0162	AFR_AF=0.0596	EUR_AF=0.0000	SAS_AF=0.0000	EAS_AF=0.0000	GT	0	0	0	0	0	0	0	0
Y	2672751	.	C	A	100	PASS	AA=C	AC=4	AN=1188	DP=2731	NS=1188	VT=SNP	AMR_AF=0.0000	AF=0.0034	AFR_AF=0.0032	EUR_AF=0.0090	SAS_AF=0.0041	EAS_AF=0.0000	GT	0	0	0	0	0	0	.	0
Y	2672821	.	T	C	100	PASS	AA=T	AC=2	AN=1233	DP=4449	NS=1233	VT=SNP	AMR_AF=0.0000	AF=0.0016	AFR_AF=0.0031	EUR_AF=0.0000	SAS_AF=0.0038	EAS_AF=0.0000	GT	0	0	0	0	0	0	0	0
Y	2673284	.	T	G	100	PASS	AA=T	AC=1	AN=1233	DP=5503	NS=1233	VT=SNP	AMR_AF=0.0000	AF=0.0008	AFR_AF=0.0031	EUR_AF=0.0000	SAS_AF=0.0000	EAS_AF=0.0000	GT	0	0	0	0	0	0	0	0
Y	2673305	.	C	T	100	PASS	AA=C	AC=2	AN=1233	DP=5237	NS=1233	VT=SNP	AMR_AF=0.0000	AF=0.0016	AFR_AF=0.0000	EUR_AF=0.0000	SAS_AF=0.0077	EAS_AF=0.0000	GT	0	0	0	0	0	0	0	0
Y	2673331	.	A	G	100	PASS	AA=A	AC=1	AN=1233	DP=5224	NS=1233	VT=SNP	AMR_AF=0.0000	AF=0.0008	AFR_AF=0.0031	EUR_AF=0.0000	SAS_AF=0.0000	EAS_AF=0.0000	GT	0	0	0	0	0	0	0	0
Y	2673437	.	G	A	100	PASS	AA=G	AC=2	AN=1233	DP=4914	NS=1233	VT=SNP	AMR_AF=0.0000	AF=0.0016	AFR_AF=0.0000	EUR_AF=0.0000	SAS_AF=0.0000	EAS_AF=0.0082	GT	0	0	0	0	0	0	0	0
Y	2673727	.	G	A	100	PASS	AA=G	AC=1	AN=1233	DP=4541	NS=1233	VT=SNP	AMR_AF=0.0000	AF=0.0008	AFR_AF=0.0031	EUR_AF=0.0000	SAS_AF=0.0000	EAS_AF=0.0000	GT	0	0	0	0	0	0	0	0
Y	2673789	.	G	A	100	PASS	AA=G	AC=1	AN=1233	DP=4631	NS=1233	VT=SNP	AMR_AF=0.0000	AF=0.0008	AFR_AF=0.0031	EUR_AF=0.0000	SAS_AF=0.0000	EAS_AF=0.0000	GT	0	0	0	0	0	0	0	0
Y	2673825	.	A	G	100	PASS	AA=A	AC=1	AN=1233	DP=4944	NS=1233	VT=SNP	AMR_AF=0.0000	AF=0.0008	AFR_AF=0.0000	EUR_AF=0.0000	SAS_AF=0.0000	EAS_AF=0.0041	GT	0	0	0	0	0	0	0	0
Y	2673908	.	T	C	100	PASS	AA=T	AC=1	AN=1233	DP=5585	NS=1233	VT=SNP	AMR_AF=0.0000	AF=0.0008	AFR_AF=0.0000	EUR_AF=0.0000	SAS_AF=0.0000	EAS_AF=0.0041	GT	0	0	0	0	0	0	0	0
Y	2680720	.	C	T	100	PASS	AA=C	AC=249	AN=1233	DP=3819	NS=1233	VT=SNP	AMR_AF=0.0471	AF=0.2019	AFR_AF=0.7555	EUR_AF=0.0000	SAS_AF=0.0000	EAS_AF=0.0000	GT	0	0	0	0	0	0	0	0
Y	2680813	.	G	A	100	PASS	AA=G	AC=3	AN=1233	DP=3665	NS=1233	VT=SNP	AMR_AF=0.0000	AF=0.0024	AFR_AF=0.0000	EUR_AF=0.0000	SAS_AF=0.0000	EAS_AF=0.0123	GT	0	0	0	0	0	0	0	0
Y	2680954	.	G	A	100	PASS	AA=G	AC=1	AN=1233	DP=4624	NS=1233	VT=SNP	AMR_AF=0.0059	AF=0.0008	AFR_AF=0.0000	EUR_AF=0.0000	SAS_AF=0.0000	EAS_AF=0.0000	GT	0	0	0	0	0	0	0	0
Y	2681272	.	C	T	100	PASS	AA=C	AC=2	AN=1233	DP=4382	NS=1233	VT=SNP	AMR_AF=0.0000	AF=0.0016	AFR_AF=0.0000	EUR_AF=0.0000	SAS_AF=0.0077	EAS_AF=0.0000	GT	0	0	0	0	0	0	0	0
Y	2681740	.	G	A	100	PASS	AA=G	AC=19	AN=1233	DP=4896	NS=1233	VT=SNP	AMR_AF=0.0235	AF=0.0154	AFR_AF=0.0031	EUR_AF=0.0292	SAS_AF=0.0231	EAS_AF=0.0041	GT	0	0	0	0	0	0	0	0
Y	2682019	.	G	C	100	PASS	AA=G	AC=1	AN=1233	DP=4546	NS=1233	VT=SNP	AMR_AF=0.0000	AF=0.0008	AFR_AF=0.0000	EUR_AF=0.0000	SAS_AF=0.0000	EAS_AF=0.0041	GT	0	0	0	0	0	0	0	0
Y	2682047	.	C	G	100	PASS	AA=C	AC=1	AN=1233	DP=4511	NS=1233	VT=SNP	AMR_AF=0.0000	AF=0.0008	AFR_AF=0.0000	EUR_AF=0.0000	SAS_AF=0.0038	EAS_AF=0.0000	GT	0	0	0	0	0	0	0	0
Y	2682558	.	G	T	100	PASS	AA=G	AC=1	AN=1233	DP=4723	NS=1233	VT=SNP	AMR_AF=0.0000	AF=0.0008	AFR_AF=0.0000	EUR_AF=0.0042	SAS_AF=0.0000	EAS_AF=0.0000	GT	0	0	0	0	0	0	0	0
Y	2682647	.	T	A	100	PASS	AA=T	AC=1	AN=1233	DP=5162	NS=1233	VT=SNP	AMR_AF=0.0059	AF=0.0008	AFR_AF=0.0000	EUR_AF=0.0000	SAS_AF=0.0000	EAS_AF=0.0000	GT	0	0	0	0	0	0	0	0
Y	2682790	.	T	C	100	PASS	AA=T	AC=8	AN=1233	DP=5698	NS=1233	VT=SNP	AMR_AF=0.0000	AF=0.0065	AFR_AF=0.0000	EUR_AF=0.0000	SAS_AF=0.0000	EAS_AF=0.0328	GT	0	0	0	0	0	0	0	0
Y	2682859	.	C	T	100	PASS	AA=.	AC=2	AN=1233	DP=5587	NS=1233	VT=SNP	AMR_AF=0.0000	AF=0.0016	AFR_AF=0.0063	EUR_AF=0.0000	SAS_AF=0.0000	EAS_AF=0.0000	GT	0	0	0	0	0	0	0	0
Y	2683014	.	G	T	100	PASS	AA=G	AC=21	AN=1233	DP=5666	NS=1233	VT=SNP	AMR_AF=0.0000	AF=0.0170	AFR_AF=0.0000	EUR_AF=0.0000	SAS_AF=0.0000	EAS_AF=0.0861	GT	0	0	0	0	0	0	0	0
Y	2683088	.	A	G	100	PASS	AA=A	AC=2	AN=1233	DP=5822	NS=1233	VT=SNP	AMR_AF=0.0000	AF=0.0016	AFR_AF=0.0000	EUR_AF=0.0000	SAS_AF=0.0038	EAS_AF=0.0041	GT	0	0	0	0	0	0	0	0
Y	2683227	.	T	C	100	PASS	AA=T	AC=2	AN=1233	DP=4862	NS=1233	VT=SNP	AMR_AF=0.0000	AF=0.0016	AFR_AF=0.0063	EUR_AF=0.0000	SAS_AF=0.0000	EAS_AF=0.0000	GT	0	0	0	0	0	0	0	0
Y	2683242	.	C	T	100	PASS	AA=C	AC=31	AN=1233	DP=4833	NS=1233	VT=SNP	AMR_AF=0.0118	AF=0.0251	AFR_AF=0.0125	EUR_AF=0.1042	SAS_AF=0.0000	EAS_AF=0.0000	GT	0	1	0	0	0	0	0	0
Y	2683829	.	G	T	100	PASS	AA=G	AC=1	AN=1233	DP=5007	NS=1233	VT=SNP	AMR_AF=0.0000	AF=0.0008	AFR_AF=0.0031	EUR_AF=0.0000	SAS_AF=0.0000	EAS_AF=0.0000	GT	0	0	0	0	0	0	0	0
Y	2683861	.	T	C	100	PASS	AA=T	AC=3	AN=1233	DP=5033	NS=1233	VT=SNP	AMR_AF=0.0000	AF=0.0024	AFR_AF=0.0094	EUR_AF=0.0000	SAS_AF=0.0000	EAS_AF=0.0000	GT	0	0	0	0	0	0	0	0
Y	2683869	.	T	C	100	PASS	AA=T	AC=1	AN=1233	DP=5113	NS=1233	VT=SNP	AMR_AF=0.0000	AF=0.0008	AFR_AF=0.0031	EUR_AF=0.0000	SAS_AF=0.0000	EAS_AF=0.0000	GT	0	0	0	0	0	0	0	0
Y	2684110	.	G	A	100	PASS	AA=G	AC=1	AN=1233	DP=5225	NS=1233	VT=SNP	AMR_AF=0.0000	AF=0.0008	AFR_AF=0.0000	EUR_AF=0.0000	SAS_AF=0.0000	EAS_AF=0.0041	GT	0	0	0	0	0	0	0	0
Y	2684236	.	T	C	100	PASS	AA=T	AC=1	AN=1233	DP=5028	NS=1233	VT=SNP	AMR_AF=0.0059	AF=0.0008	AFR_AF=0.0000	EUR_AF=0.0000	SAS_AF=0.0000	EAS_AF=0.0000	GT	0	0	0	0	0	0	0	0
Y	2684680	.	C	G	100	PASS	AA=C	AC=1	AN=1233	DP=4883	NS=1233	VT=SNP	AMR_AF=0.0000	AF=0.0008	AFR_AF=0.0000	EUR_AF=0.0000	SAS_AF=0.0038	EAS_AF=0.0000	GT	0	0	0	0	0	0	0	0
Y	2684747	.	C	T	100	PASS	AA=.	AC=3	AN=1228	DP=4692	NS=1228	VT=SNP	AMR_AF=0.0000	AF=0.0024	AFR_AF=0.0095	EUR_AF=0.0000	SAS_AF=0.0000	EAS_AF=0.0000	GT	0	0	0	0	0	0	0	0
Y	2684876	.	C	G	100	PASS	AA=C	AC=2	AN=1233	DP=5362	NS=1233	VT=SNP	AMR_AF=0.0118	AF=0.0016	AFR_AF=0.0000	EUR_AF=0.0000	SAS_AF=0.0000	EAS_AF=0.0000	GT	0	0	0	0	0	0	0	0
Y	2685134	.	C	T	100	PASS	AA=C	AC=1	AN=1233	DP=5348	NS=1233	VT=SNP	AMR_AF=0.0059	AF=0.0008	AFR_AF=0.0000	EUR_AF=0.0000	SAS_AF=0.0000	EAS_AF=0.0000	GT	0	0	0	0	0	0	0	0
Y	2685270	.	A	G	100	PASS	AA=A	AC=1	AN=1233	DP=5444	NS=1233	VT=SNP	AMR_AF=0.0000	AF=0.0008	AFR_AF=0.0000	EUR_AF=0.0000	SAS_AF=0.0000	EAS_AF=0.0041	GT	0	0	0	0	0	0	0	0
Y	2685644	.	C	T	100	PASS	AA=C	AC=82	AN=914	DP=3983	NS=914	VT=SNP	AMR_AF=0.0574	AF=0.0897	AFR_AF=0.0667	EUR_AF=0.0695	SAS_AF=0.1297	EAS_AF=0.1222	GT	0	0	0	0	0	0	0	.
Y	2685885	.	T	C	100	PASS	AA=T	AC=1	AN=1233	DP=4128	NS=1233	VT=SNP	AMR_AF=0.0000	AF=0.0008	AFR_AF=0.0031	EUR_AF=0.0000	SAS_AF=0.0000	EAS_AF=0.0000	GT	0	0	0	0	0	0	0	0
Y	2686381	.	C	T	100	PASS	AA=C	AC=7	AN=1233	DP=4081	NS=1233	VT=SNP	AMR_AF=0.0000	AF=0.0057	AFR_AF=0.0031	EUR_AF=0.0000	SAS_AF=0.0192	EAS_AF=0.0041	GT	0	0	0	0	0	0	0	0
Y	2686382	.	G	A	100	PASS	AA=G	AC=2	AN=1233	DP=4102	NS=1233	VT=SNP	AMR_AF=0.0059	AF=0.0016	AFR_AF=0.0000	EUR_AF=0.0042	SAS_AF=0.0000	EAS_AF=0.0000	GT	0	0	0	0	0	0	0	0
Y	2686396	.	G	A	100	PASS	AA=G	AC=2	AN=1233	DP=3931	NS=1233	VT=SNP	AMR_AF=0.0118	AF=0.0016	AFR_AF=0.0000	EUR_AF=0.0000	SAS_AF=0.0000	EAS_AF=0.0000	GT	0	0	0	0	0	0	0	0
Y	2686422	.	A	T	100	PASS	AA=A	AC=32	AN=1233	DP=3666	NS=1233	VT=SNP	AMR_AF=0.0000	AF=0.0260	AFR_AF=0.0000	EUR_AF=0.0958	SAS_AF=0.0038	EAS_AF=0.0328	GT	0	0	0	0	0	0	0	0
Y	2686451	.	C	A	100	PASS	AA=C	AC=9	AN=1046	DP=1964	NS=1046	VT=SNP	AMR_AF=0.0067	AF=0.0086	AFR_AF=0.0078	EUR_AF=0.0092	SAS_AF=0.0094	EAS_AF=0.0095	GT	0	0	0	0	0	0	0	0
Y	2686555	.	A	G	100	PASS	AA=G	AC=1017	AN=1233	DP=3875	NS=1233	VT=SNP	AMR_AF=0.5706	AF=0.8248	AFR_AF=0.9592	EUR_AF=0.4667	SAS_AF=0.9962	EAS_AF=0.9959	GT	0	1	0	0	0	0	1	0
Y	2686727	.	A	G	100	PASS	AA=G	AC=860	AN=1233	DP=4753	NS=1233	VT=SNP	AMR_AF=0.3471	AF=0.6975	AFR_AF=0.9624	EUR_AF=0.4167	SAS_AF=0.5885	EAS_AF=0.9877	GT	0	1	0	0	0	0	0	0
Y	2687085	.	G	A	100	PASS	AA=G	AC=1	AN=1233	DP=4846	NS=1233	VT=SNP	AMR_AF=0.0000	AF=0.0008	AFR_AF=0.0031	EUR_AF=0.0000	SAS_AF=0.0000	EAS_AF=0.0000	GT	0	0	0	0	0	0	0	0
Y	2687198	.	G	C	100	PASS	AA=G	AC=21	AN=1233	DP=4470	NS=1233	VT=SNP	AMR_AF=0.0118	AF=0.0170	AFR_AF=0.0000	EUR_AF=0.0208	SAS_AF=0.0538	EAS_AF=0.0000	GT	0	0	0	0	0	0	0	0
Y	2687506	.	G	T	100	PASS	AA=G	AC=1	AN=1233	DP=4630	NS=1233	VT=SNP	AMR_AF=0.0000	AF=0.0008	AFR_AF=0.0000	EUR_AF=0.0000	SAS_AF=0.0038	EAS_AF=0.0000	GT	0	0	0	0	0	0	0	0
Y	2687737	.	T	C	100	PASS	AA=T	AC=3	AN=1233	DP=3990	NS=1233	VT=SNP	AMR_AF=0.0000	AF=0.0024	AFR_AF=0.0094	EUR_AF=0.0000	SAS_AF=0.0000	EAS_AF=0.0000	GT	0	0	0	0	0	0	0	0
Y	2688442	.	T	A	100	PASS	AA=T	AC=48	AN=1233	DP=2277	NS=1233	VT=SNP	AMR_AF=0.0353	AF=0.0389	AFR_AF=0.0282	EUR_AF=0.1375	SAS_AF=0.0000	EAS_AF=0.0000	GT	0	1	0	0	0	0	0	0
Y	2688917	.	C	T	100	PASS	AA=C	AC=1	AN=1233	DP=3500	NS=1233	VT=SNP	AMR_AF=0.0000	AF=0.0008	AFR_AF=0.0000	EUR_AF=0.0000	SAS_AF=0.0038	EAS_AF=0.0000	GT	0	0	0	0	0	0	0	0
Y	2689502	.	T	C	100	PASS	AA=T	AC=1	AN=1233	DP=3667	NS=1233	VT=SNP	AMR_AF=0.0000	AF=0.0008	AFR_AF=0.0000	EUR_AF=0.0042	SAS_AF=0.0000	EAS_AF=0.0000	GT	0	0	0	0	0	0	0	0
Y	2689600	.	G	A	100	PASS	AA=G	AC=3	AN=1227	DP=3940	NS=1227	VT=SNP	AMR_AF=0.0000	AF=0.0024	AFR_AF=0.0095	EUR_AF=0.0000	SAS_AF=0.0000	EAS_AF=0.0000	GT	0	0	0	0	0	0	0	0
Y	2689665	.	A	C	100	PASS	AA=A	AC=2	AN=1233	DP=3496	NS=1233	VT=SNP	AMR_AF=0.0000	AF=0.0016	AFR_AF=0.0000	EUR_AF=0.0000	SAS_AF=0.0077	EAS_AF=0.0000	GT	0	0	0	0	0	0	0	0
Y	2689836	.	C	G	100	PASS	AA=C	AC=1	AN=1233	DP=4239	NS=1233	VT=SNP	AMR_AF=0.0000	AF=0.0008	AFR_AF=0.0031	EUR_AF=0.0000	SAS_AF=0.0000	EAS_AF=0.0000	GT	0	0	0	0	0	0	0	0
Y	2689855	.	T	C	100	PASS	AA=T	AC=1	AN=1233	DP=4405	NS=1233	VT=SNP	AMR_AF=0.0000	AF=0.0008	AFR_AF=0.0000	EUR_AF=0.0042	SAS_AF=0.0000	EAS_AF=0.0000	GT	0	0	0	0	0	0	0	0
Y	2689901	.	C	A	100	PASS	AA=C	AC=1	AN=1233	DP=4946	NS=1233	VT=SNP	AMR_AF=0.0000	AF=0.0008	AFR_AF=0.0000	EUR_AF=0.0042	SAS_AF=0.0000	EAS_AF=0.0000	GT	0	0	0	0	0	0	0	0
Y	2690309	.	G	A	100	PASS	AA=G	AC=1	AN=1233	DP=4855	NS=1233	VT=SNP	AMR_AF=0.0000	AF=0.0008	AFR_AF=0.0000	EUR_AF=0.0042	SAS_AF=0.0000	EAS_AF=0.0000	GT	0	0	0	0	0	0	0	0
Y	2690837	.	C	T	100	PASS	AA=C	AC=1	AN=1233	DP=4102	NS=1233	VT=SNP	AMR_AF=0.0000	AF=0.0008	AFR_AF=0.0000	EUR_AF=0.0000	SAS_AF=0.0038	EAS_AF=0.0000	GT	0	0	0	0	0	0	0	0
Y	2691217	.	C	T	100	PASS	AA=C	AC=3	AN=1233	DP=5360	NS=1233	VT=SNP	AMR_AF=0.0059	AF=0.0024	AFR_AF=0.0000	EUR_AF=0.0000	SAS_AF=0.0000	EAS_AF=0.0082	GT	0	0	0	0	0	0	0	0
Y	2691258	.	T	C	100	PASS	AA=T	AC=1	AN=1233	DP=5138	NS=1233	VT=SNP	AMR_AF=0.0000	AF=0.0008	AFR_AF=0.0000	EUR_AF=0.0000	SAS_AF=0.0000	EAS_AF=0.0041	GT	0	0	0	0	0	0	0	0
Y	2691450	.	T	C	100	PASS	AA=T	AC=1	AN=1233	DP=5447	NS=1233	VT=SNP	AMR_AF=0.0000	AF=0.0008	AFR_AF=0.0000	EUR_AF=0.0000	SAS_AF=0.0000	EAS_AF=0.0041	GT	0	0	0	0	0	0	0	0
Y	2691487	.	C	T	100	PASS	AA=C	AC=1	AN=1233	DP=5164	NS=1233	VT=SNP	AMR_AF=0.0000	AF=0.0008	AFR_AF=0.0031	EUR_AF=0.0000	SAS_AF=0.0000	EAS_AF=0.0000	GT	0	0	0	0	0	0	0	0
Y	2691968	.	T	C	100	PASS	AA=T	AC=1	AN=1233	DP=4664	NS=1233	VT=SNP	AMR_AF=0.0059	AF=0.0008	AFR_AF=0.0000	EUR_AF=0.0000	SAS_AF=0.0000	EAS_AF=0.0000	GT	0	0	0	0	0	0	0	0
Y	2692142	.	T	C	100	PASS	AA=T	AC=3	AN=1233	DP=4837	NS=1233	VT=SNP	AMR_AF=0.0000	AF=0.0024	AFR_AF=0.0000	EUR_AF=0.0000	SAS_AF=0.0115	EAS_AF=0.0000	GT	0	0	0	0	0	0	0	0
Y	2692201	.	T	C	100	PASS	AA=T	AC=8	AN=1233	DP=4558	NS=1233	VT=SNP	AMR_AF=0.0000	AF=0.0065	AFR_AF=0.0000	EUR_AF=0.0000	SAS_AF=0.0000	EAS_AF=0.0328	GT	0	0	0	0	0	0	0	0
Y	2692593	.	C	G	100	PASS	AA=C	AC=1	AN=1233	DP=5200	NS=1233	VT=SNP	AMR_AF=0.0000	AF=0.0008	AFR_AF=0.0031	EUR_AF=0.0000	SAS_AF=0.0000	EAS_AF=0.0000	GT	0	0	0	0	0	0	0	0
Y	2693437	.	A	G	100	PASS	AA=A	AC=2	AN=1233	DP=3853	NS=1233	VT=SNP	AMR_AF=0.0000	AF=0.0016	AFR_AF=0.0063	EUR_AF=0.0000	SAS_AF=0.0000	EAS_AF=0.0000	GT	0	0	0	0	0	0	0	0
Y	2693467	.	C	T	100	PASS	AA=C	AC=32	AN=1233	DP=3731	NS=1233	VT=SNP	AMR_AF=0.0000	AF=0.0260	AFR_AF=0.0000	EUR_AF=0.0000	SAS_AF=0.0077	EAS_AF=0.1230	GT	0	0	0	0	0	0	0	0
Y	2693691	.	C	T	100	PASS	AA=C	AC=1	AN=1233	DP=3565	NS=1233	VT=SNP	AMR_AF=0.0000	AF=0.0008	AFR_AF=0.0031	EUR_AF=0.0000	SAS_AF=0.0000	EAS_AF=0.0000	GT	0	0	0	0	0	0	0	0
Y	2694271	.	T	C	100	PASS	AA=T	AC=1	AN=1233	DP=4860	NS=1233	VT=SNP	AMR_AF=0.0000	AF=0.0008	AFR_AF=0.0031	EUR_AF=0.0000	SAS_AF=0.0000	EAS_AF=0.0000	GT	0	0	0	0	0	0	0	0
Y	2694457	.	G	A	100	PASS	AA=G	AC=4	AN=1233	DP=3271	NS=1233	VT=SNP	AMR_AF=0.0059	AF=0.0032	AFR_AF=0.0031	EUR_AF=0.0042	SAS_AF=0.0038	EAS_AF=0.0000	GT	0	0	0	0	0	0	0	0
Y	2695293	.	T	C	100	PASS	AA=T	AC=5	AN=1233	DP=5309	NS=1233	VT=SNP	AMR_AF=0.0176	AF=0.0041	AFR_AF=0.0000	EUR_AF=0.0083	SAS_AF=0.0000	EAS_AF=0.0000	GT	0	0	0	0	0	0	0	0
Y	2695316	.	C	T	100	PASS	AA=C	AC=1	AN=1233	DP=5298	NS=1233	VT=SNP	AMR_AF=0.0000	AF=0.0008	AFR_AF=0.0000	EUR_AF=0.0042	SAS_AF=0.0000	EAS_AF=0.0000	GT	0	0	0	0	0	0	0	0
Y	2695451	.	C	T	100	PASS	AA=C	AC=29	AN=1233	DP=4621	NS=1233	VT=SNP	AMR_AF=0.0000	AF=0.0235	AFR_AF=0.0000	EUR_AF=0.0000	SAS_AF=0.1115	EAS_AF=0.0000	GT	0	0	0	0	0	0	0	0
Y	2695541	.	C	T	100	PASS	AA=C	AC=1	AN=1233	DP=4471	NS=1233	VT=SNP	AMR_AF=0.0000	AF=0.0008	AFR_AF=0.0000	EUR_AF=0.0000	SAS_AF=0.0038	EAS_AF=0.0000	GT	0	0	0	0	0	0	0	0
Y	2695796	.	T	A	100	PASS	AA=T	AC=3	AN=1233	DP=4196	NS=1233	VT=SNP	AMR_AF=0.0000	AF=0.0024	AFR_AF=0.0094	EUR_AF=0.0000	SAS_AF=0.0000	EAS_AF=0.0000	GT	0	0	0	0	0	0	0	0
Y	2695982	.	A	T	100	PASS	AA=A	AC=1	AN=1233	DP=6637	NS=1233	VT=SNP	AMR_AF=0.0000	AF=0.0008	AFR_AF=0.0031	EUR_AF=0.0000	SAS_AF=0.0000	EAS_AF=0.0000	GT	0	0	0	0	0	0	0	0
Y	2696013	.	C	T	100	PASS	AA=C	AC=1	AN=1233	DP=7637	NS=1233	VT=SNP	AMR_AF=0.0000	AF=0.0008	AFR_AF=0.0000	EUR_AF=0.0000	SAS_AF=0.0000	EAS_AF=0.0041	GT	0	0	0	0	0	0	0	0
Y	2696117	.	G	T	100	PASS	AA=G	AC=1	AN=1233	DP=10046	NS=1233	VT=SNP	AMR_AF=0.0000	AF=0.0008	AFR_AF=0.0000	EUR_AF=0.0000	SAS_AF=0.0000	EAS_AF=0.0041	GT	0	0	0	0	0	0	0	0
Y	2696190	.	T	C	100	PASS	AA=T	AC=2	AN=1233	DP=8002	NS=1233	VT=SNP	AMR_AF=0.0000	AF=0.0016	AFR_AF=0.0063	EUR_AF=0.0000	SAS_AF=0.0000	EAS_AF=0.0000	GT	0	0	0	0	0	0	0	0
Y	2696227	.	C	G	100	PASS	AA=C	AC=3	AN=1233	DP=7164	NS=1233	VT=SNP	AMR_AF=0.0000	AF=0.0024	AFR_AF=0.0094	EUR_AF=0.0000	SAS_AF=0.0000	EAS_AF=0.0000	GT	0	0	0	0	0	0	0	0
Y	2696497	.	C	G	100	PASS	AA=C	AC=5	AN=1233	DP=5146	NS=1233	VT=SNP	AMR_AF=0.0000	AF=0.0041	AFR_AF=0.0063	EUR_AF=0.0125	SAS_AF=0.0000	EAS_AF=0.0000	GT	0	0	0	0	0	0	0	0
Y	2696538	.	G	C	100	PASS	AA=G	AC=1	AN=1233	DP=4808	NS=1233	VT=SNP	AMR_AF=0.0000	AF=0.0008	AFR_AF=0.0031	EUR_AF=0.0000	SAS_AF=0.0000	EAS_AF=0.0000	GT	0	0	0	0	0	0	0	0
Y	2696928	.	A	G	100	PASS	AA=A	AC=3	AN=1233	DP=5048	NS=1233	VT=SNP	AMR_AF=0.0059	AF=0.0024	AFR_AF=0.0000	EUR_AF=0.0083	SAS_AF=0.0000	EAS_AF=0.0000	GT	0	0	0	0	0	0	0	0
Y	2697024	.	C	A	100	PASS	AA=C	AC=3	AN=1233	DP=5212	NS=1233	VT=SNP	AMR_AF=0.0059	AF=0.0024	AFR_AF=0.0063	EUR_AF=0.0000	SAS_AF=0.0000	EAS_AF=0.0000	GT	0	0	0	0	0	0	0	0
Y	2697229	.	G	A	100	PASS	AA=G	AC=1	AN=1233	DP=5118	NS=1233	VT=SNP	AMR_AF=0.0000	AF=0.0008	AFR_AF=0.0000	EUR_AF=0.0000	SAS_AF=0.0038	EAS_AF=0.0000	GT	0	0	0	0	0	0	0	0
Y	2697625	.	G	A	100	PASS	AA=G	AC=3	AN=1233	DP=5076	NS=1233	VT=SNP	AMR_AF=0.0000	AF=0.0024	AFR_AF=0.0000	EUR_AF=0.0000	SAS_AF=0.0115	EAS_AF=0.0000	GT	0	0	0	0	0	0	0	0
Y	2697727	.	C	A	100	PASS	AA=C	AC=1	AN=1233	DP=4928	NS=1233	VT=SNP	AMR_AF=0.0000	AF=0.0008	AFR_AF=0.0031	EUR_AF=0.0000	SAS_AF=0.0000	EAS_AF=0.0000	GT	0	0	0	0	0	0	0	0
Y	2697937	.	C	T	100	PASS	AA=C	AC=1	AN=1233	DP=4917	NS=1233	VT=SNP	AMR_AF=0.0059	AF=0.0008	AFR_AF=0.0000	EUR_AF=0.0000	SAS_AF=0.0000	EAS_AF=0.0000	GT	0	0	0	0	0	0	0	0
Y	2698014	.	C	G	100	PASS	AA=C	AC=3	AN=1233	DP=5128	NS=1233	VT=SNP	AMR_AF=0.0000	AF=0.0024	AFR_AF=0.0000	EUR_AF=0.0000	SAS_AF=0.0000	EAS_AF=0.0123	GT	0	0	0	0	0	0	0	0
Y	2698086	.	G	C	100	PASS	AA=G	AC=46	AN=1233	DP=5134	NS=1233	VT=SNP	AMR_AF=0.0000	AF=0.0373	AFR_AF=0.0000	EUR_AF=0.0000	SAS_AF=0.0077	EAS_AF=0.1803	GT	0	0	0	0	0	0	0	0
Y	2698986	.	C	T	100	PASS	AA=C	AC=1	AN=1233	DP=4952	NS=1233	VT=SNP	AMR_AF=0.0000	AF=0.0008	AFR_AF=0.0000	EUR_AF=0.0000	SAS_AF=0.0038	EAS_AF=0.0000	GT	0	0	0	0	0	0	0	0
Y	2699340	.	C	A	100	PASS	AA=C	AC=3	AN=1233	DP=4785	NS=1233	VT=SNP	AMR_AF=0.0000	AF=0.0024	AFR_AF=0.0094	EUR_AF=0.0000	SAS_AF=0.0000	EAS_AF=0.0000	GT	0	0	0	0	0	0	0	0
Y	2699717	.	C	T	100	PASS	AA=C	AC=1	AN=1233	DP=5401	NS=1233	VT=SNP	AMR_AF=0.0059	AF=0.0008	AFR_AF=0.0000	EUR_AF=0.0000	SAS_AF=0.0000	EAS_AF=0.0000	GT	0	0	0	0	0	0	0	0
Y	2699718	.	G	A	100	PASS	AA=G	AC=2	AN=1233	DP=5408	NS=1233	VT=SNP	AMR_AF=0.0118	AF=0.0016	AFR_AF=0.0000	EUR_AF=0.0000	SAS_AF=0.0000	EAS_AF=0.0000	GT	0	0	0	0	0	0	0	0
Y	2700266	.	A	T	100	PASS	AA=A	AC=16	AN=1233	DP=3757	NS=1233	VT=SNP	AMR_AF=0.0529	AF=0.0130	AFR_AF=0.0094	EUR_AF=0.0167	SAS_AF=0.0000	EAS_AF=0.0000	GT	0	0	0	0	0	0	0	0
Y	2700523	.	G	GA	100	PASS	AA=G	AC=10	AN=1178	DP=3306	NS=1178	VT=INDEL	AMR_AF=0.0191	AF=0.0085	AFR_AF=0.0000	EUR_AF=0.0137	SAS_AF=0.0079	EAS_AF=0.0087	GT	0	0	0	0	0	0	0	0
Y	2701380	.	A	C	100	PASS	AA=A	AC=1	AN=1233	DP=4236	NS=1233	VT=SNP	AMR_AF=0.0000	AF=0.0008	AFR_AF=0.0000	EUR_AF=0.0000	SAS_AF=0.0038	EAS_AF=0.0000	GT	0	0	0	0	0	0	0	0
Y	2701500	.	G	A	100	PASS	AA=G	AC=1	AN=1233	DP=4534	NS=1233	VT=SNP	AMR_AF=0.0000	AF=0.0008	AFR_AF=0.0000	EUR_AF=0.0000	SAS_AF=0.0000	EAS_AF=0.0041	GT	0	0	0	0	0	0	0	0
Y	2702217	.	T	C	100	PASS	AA=T	AC=5	AN=1233	DP=4884	NS=1233	VT=SNP	AMR_AF=0.0000	AF=0.0041	AFR_AF=0.0063	EUR_AF=0.0125	SAS_AF=0.0000	EAS_AF=0.0000	GT	0	0	0	0	0	0	0	0
Y	2702236	.	A	G	100	PASS	AA=A	AC=2	AN=1233	DP=4906	NS=1233	VT=SNP	AMR_AF=0.0118	AF=0.0016	AFR_AF=0.0000	EUR_AF=0.0000	SAS_AF=0.0000	EAS_AF=0.0000	GT	0	0	0	0	0	0	0	0
Y	2702927	.	T	TA	100	PASS	AA=T	AC=2	AN=1233	DP=3190	NS=1233	VT=INDEL	AMR_AF=0.0059	AF=0.0016	AFR_AF=0.0031	EUR_AF=0.0000	SAS_AF=0.0000	EAS_AF=0.0000	GT	0	0	0	0	0	0	0	0
Y	2702974	.	A	AGTTTTTTTTTTTT	100	PASS	AA=A	AC=15	AN=1069	DP=2036	NS=1069	VT=INDEL	AMR_AF=0.0000	AF=0.0140	AFR_AF=0.0122	EUR_AF=0.0144	SAS_AF=0.0079	EAS_AF=0.0324	GT	.	0	1	.	0	.	0	0
Y	2702975	.	G	GTTTTTTTTTTTGTT	100	PASS	AA=.	AC=2	AN=1233	DP=2036	NS=1233	VT=INDEL	AMR_AF=0.0000	AF=0.0016	AFR_AF=0.0063	EUR_AF=0.0000	SAS_AF=0.0000	EAS_AF=0.0000	GT	0	0	0	0	0	0	0	0
Y	2703239	.	G	A	100	PASS	AA=G	AC=56	AN=1233	DP=4453	NS=1233	VT=SNP	AMR_AF=0.0000	AF=0.0454	AFR_AF=0.0000	EUR_AF=0.0000	SAS_AF=0.0077	EAS_AF=0.2213	GT	0	0	0	0	0	0	0	0
Y	2703277	.	G	A	100	PASS	AA=G	AC=1	AN=1233	DP=4574	NS=1233	VT=SNP	AMR_AF=0.0000	AF=0.0008	AFR_AF=0.0031	EUR_AF=0.0000	SAS_AF=0.0000	EAS_AF=0.0000	GT	0	0	0	0	0	0	0	0
Y	2703427	.	A	G	100	PASS	AA=A	AC=1	AN=1233	DP=4220	NS=1233	VT=SNP	AMR_AF=0.0000	AF=0.0008	AFR_AF=0.0031	EUR_AF=0.0000	SAS_AF=0.0000	EAS_AF=0.0000	GT	0	0	0	0	0	0	0	0
Y	2703478	.	T	C	100	PASS	AA=T	AC=1	AN=1233	DP=3992	NS=1233	VT=SNP	AMR_AF=0.0000	AF=0.0008	AFR_AF=0.0000	EUR_AF=0.0000	SAS_AF=0.0038	EAS_AF=0.0000	GT	0	0	0	0	0	0	0	0
Y	2703784	.	T	C	100	PASS	AA=T	AC=1	AN=1233	DP=3734	NS=1233	VT=SNP	AMR_AF=0.0000	AF=0.0008	AFR_AF=0.0031	EUR_AF=0.0000	SAS_AF=0.0000	EAS_AF=0.0000	GT	0	0	0	0	0	0	0	0
Y	2703900	.	T	C	100	PASS	AA=T	AC=1	AN=1233	DP=3702	NS=1233	VT=SNP	AMR_AF=0.0000	AF=0.0008	AFR_AF=0.0000	EUR_AF=0.0042	SAS_AF=0.0000	EAS_AF=0.0000	GT	0	0	0	0	0	0	0	0
Y	2704234	.	G	A	100	PASS	AA=G	AC=1	AN=1233	DP=3926	NS=1233	VT=SNP	AMR_AF=0.0059	AF=0.0008	AFR_AF=0.0000	EUR_AF=0.0000	SAS_AF=0.0000	EAS_AF=0.0000	GT	0	0	0	0	0	0	0	0
Y	2704375	.	G	A	100	PASS	AA=G	AC=1	AN=1233	DP=4560	NS=1233	VT=SNP	AMR_AF=0.0000	AF=0.0008	AFR_AF=0.0000	EUR_AF=0.0000	SAS_AF=0.0038	EAS_AF=0.0000	GT	0	0	0	0	0	0	0	0
Y	2704447	.	G	A	100	PASS	AA=G	AC=1	AN=1233	DP=4694	NS=1233	VT=SNP	AMR_AF=0.0000	AF=0.0008	AFR_AF=0.0000	EUR_AF=0.0042	SAS_AF=0.0000	EAS_AF=0.0000	GT	0	0	0	0	0	0	0	0
Y	2704906	.	A	C	100	PASS	AA=A	AC=1	AN=1233	DP=4683	NS=1233	VT=SNP	AMR_AF=0.0000	AF=0.0008	AFR_AF=0.0000	EUR_AF=0.0000	SAS_AF=0.0000	EAS_AF=0.0041	GT	0	0	0	0	0	0	0	0
Y	2705306	.	A	G	100	PASS	AA=A	AC=21	AN=1233	DP=5000	NS=1233	VT=SNP	AMR_AF=0.0000	AF=0.0170	AFR_AF=0.0000	EUR_AF=0.0000	SAS_AF=0.0000	EAS_AF=0.0861	GT	0	0	0	0	0	0	0	0
Y	2705403	.	A	G	100	PASS	AA=A	AC=1	AN=1233	DP=5421	NS=1233	VT=SNP	AMR_AF=0.0000	AF=0.0008	AFR_AF=0.0000	EUR_AF=0.0000	SAS_AF=0.0000	EAS_AF=0.0041	GT	0	0	0	0	0	0	0	0
Y	2705475	.	C	A	100	PASS	AA=C	AC=3	AN=1233	DP=4603	NS=1233	VT=SNP	AMR_AF=0.0000	AF=0.0024	AFR_AF=0.0000	EUR_AF=0.0000	SAS_AF=0.0115	EAS_AF=0.0000	GT	0	0	0	0	0	0	0	0
Y	2705643	.	A	G	100	PASS	AA=A	AC=7	AN=1233	DP=4704	NS=1233	VT=SNP	AMR_AF=0.0000	AF=0.0057	AFR_AF=0.0219	EUR_AF=0.0000	SAS_AF=0.0000	EAS_AF=0.0000	GT	0	0	0	0	0	0	0	0
Y	2705889	.	C	T	100	PASS	AA=C	AC=1	AN=1233	DP=4743	NS=1233	VT=SNP	AMR_AF=0.0000	AF=0.0008	AFR_AF=0.0000	EUR_AF=0.0000	SAS_AF=0.0000	EAS_AF=0.0041	GT	0	0	0	0	0	0	0	0
Y	2705979	.	A	C	100	PASS	AA=A	AC=1	AN=1233	DP=5005	NS=1233	VT=SNP	AMR_AF=0.0059	AF=0.0008	AFR_AF=0.0000	EUR_AF=0.0000	SAS_AF=0.0000	EAS_AF=0.0000	GT	0	0	0	0	0	0	0	0
Y	2706010	.	G	C	100	PASS	AA=.	AC=2	AN=1233	DP=5209	NS=1233	VT=SNP	AMR_AF=0.0000	AF=0.0016	AFR_AF=0.0063	EUR_AF=0.0000	SAS_AF=0.0000	EAS_AF=0.0000	GT	0	0	0	0	0	0	0	0
Y	2706597	.	G	A	100	PASS	AA=G	AC=2	AN=1233	DP=3185	NS=1233	VT=SNP	AMR_AF=0.0000	AF=0.0016	AFR_AF=0.0000	EUR_AF=0.0042	SAS_AF=0.0038	EAS_AF=0.0000	GT	0	0	0	0	0	0	0	0
Y	2706613	.	C	A	100	PASS	AA=C	AC=1	AN=1233	DP=3075	NS=1233	VT=SNP	AMR_AF=0.0000	AF=0.0008	AFR_AF=0.0000	EUR_AF=0.0000	SAS_AF=0.0038	EAS_AF=0.0000	GT	0	0	0	0	0	0	0	0
Y	2707028	.	C	A	100	PASS	AA=C	AC=1	AN=1233	DP=3482	NS=1233	VT=SNP	AMR_AF=0.0000	AF=0.0008	AFR_AF=0.0000	EUR_AF=0.0000	SAS_AF=0.0000	EAS_AF=0.0041	GT	0	0	0	0	0	0	0	0
Y	2707072	.	C	T	100	PASS	AA=C	AC=48	AN=1233	DP=3629	NS=1233	VT=SNP	AMR_AF=0.0353	AF=0.0389	AFR_AF=0.0282	EUR_AF=0.1375	SAS_AF=0.0000	EAS_AF=0.0000	GT	0	1	0	0	0	0	0	0
Y	2707113	.	G	A	100	PASS	AA=G	AC=2	AN=1233	DP=3910	NS=1233	VT=SNP	AMR_AF=0.0000	AF=0.0016	AFR_AF=0.0000	EUR_AF=0.0083	SAS_AF=0.0000	EAS_AF=0.0000	GT	0	0	0	0	0	0	0	0
Y	2707575	.	GA	G	100	PASS	AA=GA	AC=32	AN=1233	DP=3249	NS=1233	VT=INDEL	AMR_AF=0.0118	AF=0.0260	AFR_AF=0.0157	EUR_AF=0.1042	SAS_AF=0.0000	EAS_AF=0.0000	GT	0	1	0	0	0	0	0	0
Y	2707616	.	T	A	100	PASS	AA=T	AC=1	AN=1233	DP=4914	NS=1233	VT=SNP	AMR_AF=0.0000	AF=0.0008	AFR_AF=0.0000	EUR_AF=0.0000	SAS_AF=0.0000	EAS_AF=0.0041	GT	0	0	0	0	0	0	0	0
Y	2707617	.	G	A	100	PASS	AA=G	AC=1	AN=1233	DP=4937	NS=1233	VT=SNP	AMR_AF=0.0000	AF=0.0008	AFR_AF=0.0031	EUR_AF=0.0000	SAS_AF=0.0000	EAS_AF=0.0000	GT	0	0	0	0	0	0	0	0
Y	2707716	.	G	T	100	PASS	AA=G	AC=1	AN=1233	DP=4293	NS=1233	VT=SNP	AMR_AF=0.0000	AF=0.0008	AFR_AF=0.0000	EUR_AF=0.0000	SAS_AF=0.0038	EAS_AF=0.0000	GT	0	0	0	0	0	0	0	0
Y	2707859	.	G	C	100	PASS	AA=C	AC=384	AN=1233	DP=4992	NS=1233	VT=SNP	AMR_AF=0.1824	AF=0.3114	AFR_AF=0.9310	EUR_AF=0.0250	SAS_AF=0.0692	EAS_AF=0.1311	GT	0	0	0	0	0	0	0	0
Y	2707941	.	T	C	100	PASS	AA=.	AC=2	AN=1233	DP=4345	NS=1233	VT=SNP	AMR_AF=0.0000	AF=0.0016	AFR_AF=0.0063	EUR_AF=0.0000	SAS_AF=0.0000	EAS_AF=0.0000	GT	0	0	0	0	0	0	0	0
Y	2708109	.	T	C	100	PASS	AA=T	AC=1	AN=1233	DP=4091	NS=1233	VT=SNP	AMR_AF=0.0000	AF=0.0008	AFR_AF=0.0000	EUR_AF=0.0042	SAS_AF=0.0000	EAS_AF=0.0000	GT	0	0	0	0	0	0	0	0
Y	2708654	.	T	C	100	PASS	AA=T	AC=2	AN=1216	DP=3673	NS=1216	VT=SNP	AMR_AF=0.0000	AF=0.0016	AFR_AF=0.0000	EUR_AF=0.0087	SAS_AF=0.0000	EAS_AF=0.0000	GT	0	0	0	0	0	0	0	0
Y	2708847	.	T	C	100	PASS	AA=T	AC=1	AN=1233	DP=3975	NS=1233	VT=SNP	AMR_AF=0.0000	AF=0.0008	AFR_AF=0.0031	EUR_AF=0.0000	SAS_AF=0.0000	EAS_AF=0.0000	GT	0	0	0	0	0	0	0	0
Y	2708861	.	C	T	100	PASS	AA=C	AC=1	AN=1233	DP=4159	NS=1233	VT=SNP	AMR_AF=0.0000	AF=0.0008	AFR_AF=0.0000	EUR_AF=0.0000	SAS_AF=0.0038	EAS_AF=0.0000	GT	0	0	0	0	0	0	0	0
Y	2708952	.	A	C	100	PASS	AA=A	AC=5	AN=1233	DP=4222	NS=1233	VT=SNP	AMR_AF=0.0000	AF=0.0041	AFR_AF=0.0157	EUR_AF=0.0000	SAS_AF=0.0000	EAS_AF=0.0000	GT	0	0	0	0	0	0	0	0
Y	2709032	.	G	A	100	PASS	AA=G	AC=1	AN=1233	DP=4854	NS=1233	VT=SNP	AMR_AF=0.0000	AF=0.0008	AFR_AF=0.0000	EUR_AF=0.0042	SAS_AF=0.0000	EAS_AF=0.0000	GT	0	0	0	0	0	0	0	0
Y	2709071	.	T	C	100	PASS	AA=T	AC=1	AN=1233	DP=4955	NS=1233	VT=SNP	AMR_AF=0.0000	AF=0.0008	AFR_AF=0.0000	EUR_AF=0.0000	SAS_AF=0.0000	EAS_AF=0.0041	GT	0	0	0	0	0	0	0	0
Y	2709209	.	T	C	100	PASS	AA=T	AC=1	AN=1233	DP=5424	NS=1233	VT=SNP	AMR_AF=0.0059	AF=0.0008	AFR_AF=0.0000	EUR_AF=0.0000	SAS_AF=0.0000	EAS_AF=0.0000	GT	0	0	0	0	0	0	0	0
Y	2709357	.	T	C	100	PASS	AA=T	AC=1	AN=1233	DP=7224	NS=1233	VT=SNP	AMR_AF=0.0059	AF=0.0008	AFR_AF=0.0000	EUR_AF=0.0000	SAS_AF=0.0000	EAS_AF=0.0000	GT	0	0	0	0	0	0	0	0
Y	2709554	.	G	A	100	PASS	AA=G	AC=1	AN=1233	DP=39417	NS=1233	VT=SNP	AMR_AF=0.0000	AF=0.0008	AFR_AF=0.0031	EUR_AF=0.0000	SAS_AF=0.0000	EAS_AF=0.0000	GT	0	0	0	0	0	0	0	0
Y	2709611	.	C	T	100	PASS	AA=C	AC=1	AN=1233	DP=72125	NS=1233	VT=SNP	EX_TARGET	AMR_AF=0.0000	AF=0.0008	AFR_AF=0.0000	EUR_AF=0.0042	SAS_AF=0.0000	EAS_AF=0.0000	GT	0	0	0	0	0	0	0
Y	2709645	.	C	T	100	PASS	AA=C	AC=1	AN=1233	DP=88028	NS=1233	VT=SNP	EX_TARGET	AMR_AF=0.0000	AF=0.0008	AFR_AF=0.0031	EUR_AF=0.0000	SAS_AF=0.0000	EAS_AF=0.0000	GT	0	0	0	0	0	0	0
Y	2710013	.	A	G	100	PASS	AA=A	AC=11	AN=1233	DP=39449	NS=1233	VT=SNP	AMR_AF=0.0412	AF=0.0089	AFR_AF=0.0063	EUR_AF=0.0083	SAS_AF=0.0000	EAS_AF=0.0000	GT	0	0	0	0	0	0	0	0
Y	2710154	.	G	A	100	PASS	AA=.	AC=2	AN=1233	DP=80587	NS=1233	VT=SNP	AMR_AF=0.0000	AF=0.0016	AFR_AF=0.0063	EUR_AF=0.0000	SAS_AF=0.0000	EAS_AF=0.0000	GT	0	0	0	0	0	0	0	0
Y	2710184	.	C	G	100	PASS	AA=C	AC=1	AN=1233	DP=110869	NS=1233	VT=SNP	AMR_AF=0.0000	AF=0.0008	AFR_AF=0.0031	EUR_AF=0.0000	SAS_AF=0.0000	EAS_AF=0.0000	GT	0	0	0	0	0	0	0	0
Y	2710308	.	G	GT	100	PASS	AA=G	AC=3	AN=1233	DP=61835	NS=1233	VT=INDEL	AMR_AF=0.0000	AF=0.0024	AFR_AF=0.0000	EUR_AF=0.0083	SAS_AF=0.0000	EAS_AF=0.0041	GT	0	0	0	0	0	0	0	0
Y	2710309	.	T	G	100	PASS	AA=T	AC=5	AN=1233	DP=61835	NS=1233	VT=SNP	AMR_AF=0.0059	AF=0.0041	AFR_AF=0.0063	EUR_AF=0.0000	SAS_AF=0.0038	EAS_AF=0.0041	GT	0	0	0	0	0	0	0	0
Y	2710353	.	T	A	100	PASS	AA=T	AC=1	AN=1233	DP=56472	NS=1233	VT=SNP	AMR_AF=0.0000	AF=0.0008	AFR_AF=0.0000	EUR_AF=0.0042	SAS_AF=0.0000	EAS_AF=0.0000	GT	0	0	0	0	0	0	0	0
Y	2710405	.	C	T	100	PASS	AA=C	AC=1	AN=1233	DP=31883	NS=1233	VT=SNP	AMR_AF=0.0000	AF=0.0008	AFR_AF=0.0000	EUR_AF=0.0000	SAS_AF=0.0000	EAS_AF=0.0041	GT	0	0	0	0	0	0	0	0
Y	2710737	.	A	G	100	PASS	AA=A	AC=1	AN=1233	DP=5477	NS=1233	VT=SNP	AMR_AF=0.0000	AF=0.0008	AFR_AF=0.0000	EUR_AF=0.0000	SAS_AF=0.0038	EAS_AF=0.0000	GT	0	0	0	0	0	0	0	0
Y	2711234	.	A	G	100	PASS	AA=A	AC=1	AN=1233	DP=5482	NS=1233	VT=SNP	AMR_AF=0.0000	AF=0.0008	AFR_AF=0.0000	EUR_AF=0.0000	SAS_AF=0.0038	EAS_AF=0.0000	GT	0	0	0	0	0	0	0	0
Y	2711685	.	A	G	100	PASS	AA=A	AC=1	AN=1233	DP=6358	NS=1233	VT=SNP	AMR_AF=0.0000	AF=0.0008	AFR_AF=0.0000	EUR_AF=0.0000	SAS_AF=0.0038	EAS_AF=0.0000	GT	0	0	0	0	0	0	0	0
Y	2712079	.	A	G	100	PASS	AA=A	AC=1	AN=1233	DP=90108	NS=1233	VT=SNP	AMR_AF=0.0000	AF=0.0008	AFR_AF=0.0000	EUR_AF=0.0000	SAS_AF=0.0000	EAS_AF=0.0041	GT	0	0	0	0	0	0	0	0
Y	2712585	.	A	T	100	PASS	AA=A	AC=1	AN=1233	DP=7768	NS=1233	VT=SNP	AMR_AF=0.0000	AF=0.0008	AFR_AF=0.0000	EUR_AF=0.0000	SAS_AF=0.0000	EAS_AF=0.0041	GT	0	0	0	0	0	0	0	0
Y	2712725	.	A	G	100	PASS	AA=A	AC=1	AN=1233	DP=5853	NS=1233	VT=SNP	AMR_AF=0.0000	AF=0.0008	AFR_AF=0.0000	EUR_AF=0.0000	SAS_AF=0.0000	EAS_AF=0.0041	GT	0	0	0	0	0	0	0	0
Y	2712735	.	G	A	100	PASS	AA=G	AC=1	AN=1233	DP=5788	NS=1233	VT=SNP	AMR_AF=0.0000	AF=0.0008	AFR_AF=0.0000	EUR_AF=0.0000	SAS_AF=0.0000	EAS_AF=0.0041	GT	0	0	0	0	0	0	0	0
Y	2712779	.	G	A	100	PASS	AA=G	AC=1	AN=1233	DP=5807	NS=1233	VT=SNP	AMR_AF=0.0000	AF=0.0008	AFR_AF=0.0031	EUR_AF=0.0000	SAS_AF=0.0000	EAS_AF=0.0000	GT	0	0	0	0	0	0	0	0
Y	2712956	.	A	G	100	PASS	AA=G	AC=4	AN=1231	DP=5157	NS=1231	VT=SNP	AMR_AF=0.0000	AF=0.0032	AFR_AF=0.0126	EUR_AF=0.0000	SAS_AF=0.0000	EAS_AF=0.0000	GT	0	0	0	0	0	0	0	0
Y	2713270	.	C	T	100	PASS	AA=C	AC=1	AN=1233	DP=5500	NS=1233	VT=SNP	AMR_AF=0.0000	AF=0.0008	AFR_AF=0.0000	EUR_AF=0.0000	SAS_AF=0.0038	EAS_AF=0.0000	GT	0	0	0	0	0	0	0	0
Y	2713293	.	T	C	100	PASS	AA=T	AC=15	AN=1233	DP=5785	NS=1233	VT=SNP	AMR_AF=0.0588	AF=0.0122	AFR_AF=0.0000	EUR_AF=0.0208	SAS_AF=0.0000	EAS_AF=0.0000	GT	0	0	0	0	0	0	0	0
Y	2713342	.	G	A	100	PASS	AA=G	AC=1	AN=1233	DP=6199	NS=1233	VT=SNP	AMR_AF=0.0000	AF=0.0008	AFR_AF=0.0000	EUR_AF=0.0000	SAS_AF=0.0000	EAS_AF=0.0041	GT	0	0	0	0	0	0	0	0
Y	2713674	.	C	T	100	PASS	AA=C	AC=1	AN=1233	DP=108556	NS=1233	VT=SNP	AMR_AF=0.0000	AF=0.0008	AFR_AF=0.0000	EUR_AF=0.0000	SAS_AF=0.0038	EAS_AF=0.0000	GT	0	0	0	0	0	0	0	0
Y	2713850	.	A	G	100	PASS	AA=A	AC=3	AN=1233	DP=46882	NS=1233	VT=SNP	AMR_AF=0.0000	AF=0.0024	AFR_AF=0.0000	EUR_AF=0.0000	SAS_AF=0.0115	EAS_AF=0.0000	GT	0	0	0	0	0	0	0	0
Y	2714316	.	C	G	100	PASS	AA=C	AC=2	AN=1233	DP=5448	NS=1233	VT=SNP	AMR_AF=0.0000	AF=0.0016	AFR_AF=0.0000	EUR_AF=0.0000	SAS_AF=0.0000	EAS_AF=0.0082	GT	0	0	0	0	0	0	0	0
Y	2714372	.	C	A	100	PASS	AA=C	AC=1	AN=1233	DP=5586	NS=1233	VT=SNP	AMR_AF=0.0000	AF=0.0008	AFR_AF=0.0000	EUR_AF=0.0000	SAS_AF=0.0038	EAS_AF=0.0000	GT	0	0	0	0	0	0	0	0
Y	2714659	.	G	A	100	PASS	AA=G	AC=3	AN=1233	DP=5453	NS=1233	VT=SNP	AMR_AF=0.0000	AF=0.0024	AFR_AF=0.0031	EUR_AF=0.0083	SAS_AF=0.0000	EAS_AF=0.0000	GT	0	0	0	0	0	0	0	0
Y	2714836	.	T	G	100	PASS	AA=T	AC=1	AN=1233	DP=5409	NS=1233	VT=SNP	AMR_AF=0.0000	AF=0.0008	AFR_AF=0.0000	EUR_AF=0.0042	SAS_AF=0.0000	EAS_AF=0.0000	GT	0	0	0	0	0	0	0	0
Y	2714959	.	G	A	100	PASS	AA=G	AC=1	AN=1233	DP=5263	NS=1233	VT=SNP	AMR_AF=0.0000	AF=0.0008	AFR_AF=0.0000	EUR_AF=0.0000	SAS_AF=0.0000	EAS_AF=0.0041	GT	0	0	0	0	0	0	0	0
Y	2714988	.	A	G	100	PASS	AA=A	AC=3	AN=1233	DP=5334	NS=1233	VT=SNP	AMR_AF=0.0000	AF=0.0024	AFR_AF=0.0094	EUR_AF=0.0000	SAS_AF=0.0000	EAS_AF=0.0000	GT	0	0	0	0	0	0	0	0
Y	2715053	.	C	T	100	PASS	AA=C	AC=1	AN=1233	DP=5671	NS=1233	VT=SNP	AMR_AF=0.0000	AF=0.0008	AFR_AF=0.0000	EUR_AF=0.0000	SAS_AF=0.0000	EAS_AF=0.0041	GT	0	0	0	0	0	0	0	0
Y	2715055	.	G	A	100	PASS	AA=G	AC=1	AN=1233	DP=5714	NS=1233	VT=SNP	AMR_AF=0.0000	AF=0.0008	AFR_AF=0.0031	EUR_AF=0.0000	SAS_AF=0.0000	EAS_AF=0.0000	GT	0	0	0	0	0	0	0	0
Y	2715154	.	T	G	100	PASS	AA=T	AC=4	AN=1233	DP=5102	NS=1233	VT=SNP	AMR_AF=0.0000	AF=0.0032	AFR_AF=0.0000	EUR_AF=0.0000	SAS_AF=0.0000	EAS_AF=0.0164	GT	0	0	0	0	0	0	0	0
Y	2715368	.	G	T	100	PASS	AA=G	AC=1	AN=1233	DP=5385	NS=1233	VT=SNP	AMR_AF=0.0000	AF=0.0008	AFR_AF=0.0000	EUR_AF=0.0000	SAS_AF=0.0038	EAS_AF=0.0000	GT	0	0	0	0	0	0	0	0
Y	2715491	.	T	C	100	PASS	AA=T	AC=1	AN=1233	DP=5945	NS=1233	VT=SNP	AMR_AF=0.0000	AF=0.0008	AFR_AF=0.0000	EUR_AF=0.0042	SAS_AF=0.0000	EAS_AF=0.0000	GT	0	0	0	0	0	0	0	0
Y	2715530	.	G	A	100	PASS	AA=G	AC=3	AN=1233	DP=5440	NS=1233	VT=SNP	AMR_AF=0.0000	AF=0.0024	AFR_AF=0.0000	EUR_AF=0.0000	SAS_AF=0.0115	EAS_AF=0.0000	GT	0	0	0	0	0	0	0	0
Y	2715682	.	C	T	100	PASS	AA=C	AC=1	AN=1233	DP=5855	NS=1233	VT=SNP	AMR_AF=0.0000	AF=0.0008	AFR_AF=0.0000	EUR_AF=0.0000	SAS_AF=0.0038	EAS_AF=0.0000	GT	0	0	0	0	0	0	0	0
Y	2716180	.	A	G	100	PASS	AA=A	AC=1	AN=1233	DP=5646	NS=1233	VT=SNP	AMR_AF=0.0000	AF=0.0008	AFR_AF=0.0000	EUR_AF=0.0000	SAS_AF=0.0000	EAS_AF=0.0041	GT	0	0	0	0	0	0	0	0
Y	2716832	.	G	C	100	PASS	AA=G	AC=1	AN=1233	DP=4383	NS=1233	VT=SNP	AMR_AF=0.0059	AF=0.0008	AFR_AF=0.0000	EUR_AF=0.0000	SAS_AF=0.0000	EAS_AF=0.0000	GT	0	0	0	0	0	0	0	0
Y	2716945	.	A	G	100	PASS	AA=A	AC=29	AN=1233	DP=3992	NS=1233	VT=SNP	AMR_AF=0.0000	AF=0.0235	AFR_AF=0.0000	EUR_AF=0.0000	SAS_AF=0.1115	EAS_AF=0.0000	GT	0	0	0	0	0	0	0	0
Y	2716955	.	C	G	100	PASS	AA=C	AC=31	AN=1233	DP=4013	NS=1233	VT=SNP	AMR_AF=0.0059	AF=0.0251	AFR_AF=0.0940	EUR_AF=0.0000	SAS_AF=0.0000	EAS_AF=0.0000	GT	0	0	0	0	0	0	0	0
Y	2717128	.	T	C	100	PASS	AA=T	AC=1	AN=1233	DP=4877	NS=1233	VT=SNP	AMR_AF=0.0000	AF=0.0008	AFR_AF=0.0000	EUR_AF=0.0000	SAS_AF=0.0038	EAS_AF=0.0000	GT	0	0	0	0	0	0	0	0
Y	2717376	.	C	T	100	PASS	AA=C	AC=2	AN=1233	DP=5450	NS=1233	VT=SNP	AMR_AF=0.0000	AF=0.0016	AFR_AF=0.0063	EUR_AF=0.0000	SAS_AF=0.0000	EAS_AF=0.0000	GT	0	0	0	0	0	0	0	0
Y	2717399	.	T	A	100	PASS	AA=T	AC=1	AN=1233	DP=5600	NS=1233	VT=SNP	AMR_AF=0.0000	AF=0.0008	AFR_AF=0.0000	EUR_AF=0.0000	SAS_AF=0.0000	EAS_AF=0.0041	GT	0	0	0	0	0	0	0	0
Y	2717867	.	A	T	100	PASS	AA=A	AC=1	AN=1233	DP=5548	NS=1233	VT=SNP	AMR_AF=0.0059	AF=0.0008	AFR_AF=0.0000	EUR_AF=0.0000	SAS_AF=0.0000	EAS_AF=0.0000	GT	0	0	0	0	0	0	0	0
Y	2717950	.	T	A	100	PASS	AA=T	AC=1	AN=1233	DP=5379	NS=1233	VT=SNP	AMR_AF=0.0000	AF=0.0008	AFR_AF=0.0031	EUR_AF=0.0000	SAS_AF=0.0000	EAS_AF=0.0000	GT	0	0	0	0	0	0	0	0
Y	2717978	.	C	T	100	PASS	AA=C	AC=1	AN=1233	DP=5629	NS=1233	VT=SNP	AMR_AF=0.0000	AF=0.0008	AFR_AF=0.0000	EUR_AF=0.0000	SAS_AF=0.0038	EAS_AF=0.0000	GT	0	0	0	0	0	0	0	0
Y	2718031	.	G	A	100	PASS	AA=G	AC=5	AN=1233	DP=5973	NS=1233	VT=SNP	AMR_AF=0.0000	AF=0.0041	AFR_AF=0.0000	EUR_AF=0.0000	SAS_AF=0.0192	EAS_AF=0.0000	GT	0	0	0	0	0	0	0	0
Y	2718600	.	TCA	T	100	PASS	AA=TCA	AC=2	AN=1233	DP=5013	NS=1233	VT=INDEL	AMR_AF=0.0000	AF=0.0016	AFR_AF=0.0031	EUR_AF=0.0042	SAS_AF=0.0000	EAS_AF=0.0000	GT	0	0	0	0	0	0	0	0
Y	2719206	.	G	A	100	PASS	AA=G	AC=3	AN=1233	DP=4215	NS=1233	VT=SNP	AMR_AF=0.0000	AF=0.0024	AFR_AF=0.0094	EUR_AF=0.0000	SAS_AF=0.0000	EAS_AF=0.0000	GT	0	0	0	0	0	0	0	0
Y	2719285	.	C	G	100	PASS	AA=C	AC=1	AN=1233	DP=4808	NS=1233	VT=SNP	AMR_AF=0.0000	AF=0.0008	AFR_AF=0.0031	EUR_AF=0.0000	SAS_AF=0.0000	EAS_AF=0.0000	GT	0	0	0	0	0	0	0	0
Y	2719632	.	T	C	100	PASS	AA=T	AC=1	AN=1233	DP=6032	NS=1233	VT=SNP	AMR_AF=0.0000	AF=0.0008	AFR_AF=0.0000	EUR_AF=0.0000	SAS_AF=0.0038	EAS_AF=0.0000	GT	0	0	0	0	0	0	0	0
Y	2719949	.	C	T	100	PASS	AA=C	AC=1	AN=1233	DP=6016	NS=1233	VT=SNP	AMR_AF=0.0000	AF=0.0008	AFR_AF=0.0000	EUR_AF=0.0042	SAS_AF=0.0000	EAS_AF=0.0000	GT	0	0	0	0	0	0	0	0
Y	2720053	.	C	T	100	PASS	AA=C	AC=3	AN=1233	DP=5722	NS=1233	VT=SNP	AMR_AF=0.0000	AF=0.0024	AFR_AF=0.0094	EUR_AF=0.0000	SAS_AF=0.0000	EAS_AF=0.0000	GT	0	0	0	0	0	0	0	0
Y	2720320	.	A	C	100	PASS	AA=A	AC=1	AN=1233	DP=5370	NS=1233	VT=SNP	AMR_AF=0.0000	AF=0.0008	AFR_AF=0.0031	EUR_AF=0.0000	SAS_AF=0.0000	EAS_AF=0.0000	GT	0	0	0	0	0	0	0	0
Y	2720475	.	C	A	100	PASS	AA=C	AC=1	AN=1233	DP=5350	NS=1233	VT=SNP	AMR_AF=0.0000	AF=0.0008	AFR_AF=0.0000	EUR_AF=0.0000	SAS_AF=0.0038	EAS_AF=0.0000	GT	0	0	0	0	0	0	0	0
Y	2720508	.	T	C	100	PASS	AA=T	AC=1	AN=1233	DP=5481	NS=1233	VT=SNP	AMR_AF=0.0000	AF=0.0008	AFR_AF=0.0000	EUR_AF=0.0042	SAS_AF=0.0000	EAS_AF=0.0000	GT	0	0	0	0	0	0	0	0
Y	2720636	.	T	C	100	PASS	AA=T	AC=1	AN=1233	DP=5317	NS=1233	VT=SNP	AMR_AF=0.0000	AF=0.0008	AFR_AF=0.0000	EUR_AF=0.0042	SAS_AF=0.0000	EAS_AF=0.0000	GT	0	0	0	0	0	0	0	0
Y	2720865	.	A	G	100	PASS	AA=A	AC=1	AN=1233	DP=5411	NS=1233	VT=SNP	AMR_AF=0.0000	AF=0.0008	AFR_AF=0.0000	EUR_AF=0.0000	SAS_AF=0.0000	EAS_AF=0.0041	GT	0	0	0	0	0	0	0	0
Y	2721282	.	C	T	100	PASS	AA=C	AC=1	AN=1233	DP=4439	NS=1233	VT=SNP	AMR_AF=0.0000	AF=0.0008	AFR_AF=0.0000	EUR_AF=0.0000	SAS_AF=0.0038	EAS_AF=0.0000	GT	0	0	0	0	0	0	0	0
Y	2721446	.	A	G	100	PASS	AA=A	AC=1	AN=1233	DP=4809	NS=1233	VT=SNP	AMR_AF=0.0059	AF=0.0008	AFR_AF=0.0000	EUR_AF=0.0000	SAS_AF=0.0000	EAS_AF=0.0000	GT	0	0	0	0	0	0	0	0
Y	2721516	.	G	A	100	PASS	AA=G	AC=1	AN=1233	DP=5110	NS=1233	VT=SNP	AMR_AF=0.0000	AF=0.0008	AFR_AF=0.0000	EUR_AF=0.0000	SAS_AF=0.0038	EAS_AF=0.0000	GT	0	0	0	0	0	0	0	0
Y	2721723	.	C	T	100	PASS	AA=C	AC=1	AN=1233	DP=5043	NS=1233	VT=SNP	AMR_AF=0.0000	AF=0.0008	AFR_AF=0.0000	EUR_AF=0.0000	SAS_AF=0.0000	EAS_AF=0.0041	GT	0	0	0	0	0	0	0	0
Y	2722385	.	G	T	100	PASS	AA=G	AC=1	AN=1233	DP=8115	NS=1233	VT=SNP	AMR_AF=0.0000	AF=0.0008	AFR_AF=0.0031	EUR_AF=0.0000	SAS_AF=0.0000	EAS_AF=0.0000	GT	0	0	0	0	0	0	0	0
Y	2722506	.	A	G	100	PASS	AA=G	AC=385	AN=1233	DP=28292	NS=1233	VT=SNP	AMR_AF=0.1824	AF=0.3122	AFR_AF=0.9310	EUR_AF=0.0250	SAS_AF=0.0692	EAS_AF=0.1352	GT	0	0	0	0	0	0	0	0
Y	2722507	.	T	C	100	PASS	AA=T	AC=1	AN=1233	DP=28485	NS=1233	VT=SNP	AMR_AF=0.0000	AF=0.0008	AFR_AF=0.0000	EUR_AF=0.0042	SAS_AF=0.0000	EAS_AF=0.0000	GT	0	0	0	0	0	0	0	0
Y	2722516	.	C	T	100	PASS	AA=C	AC=20	AN=1233	DP=31648	NS=1233	VT=SNP	AMR_AF=0.0000	AF=0.0162	AFR_AF=0.0000	EUR_AF=0.0333	SAS_AF=0.0462	EAS_AF=0.0000	GT	0	0	0	0	0	0	0	0
Y	2722751	.	C	T	100	PASS	AA=C	AC=1	AN=1233	DP=177047	NS=1233	VT=SNP	EX_TARGET	AMR_AF=0.0000	AF=0.0008	AFR_AF=0.0031	EUR_AF=0.0000	SAS_AF=0.0000	EAS_AF=0.0000	GT	0	0	0	0	0	0	0
Y	2722909	.	A	G	100	PASS	AA=A	AC=1	AN=1233	DP=48263	NS=1233	VT=SNP	AMR_AF=0.0000	AF=0.0008	AFR_AF=0.0000	EUR_AF=0.0000	SAS_AF=0.0038	EAS_AF=0.0000	GT	0	0	0	0	0	0	0	0
Y	2723295	.	A	C	100	PASS	AA=A	AC=5	AN=1233	DP=5582	NS=1233	VT=SNP	AMR_AF=0.0294	AF=0.0041	AFR_AF=0.0000	EUR_AF=0.0000	SAS_AF=0.0000	EAS_AF=0.0000	GT	0	0	0	0	0	0	0	0
Y	2723620	.	C	G	100	PASS	AA=C	AC=8	AN=1233	DP=4969	NS=1233	VT=SNP	AMR_AF=0.0412	AF=0.0065	AFR_AF=0.0000	EUR_AF=0.0042	SAS_AF=0.0000	EAS_AF=0.0000	GT	0	0	0	0	0	0	0	0
Y	2723755	.	G	A	100	PASS	AA=G	AC=48	AN=1233	DP=5815	NS=1233	VT=SNP	AMR_AF=0.0353	AF=0.0389	AFR_AF=0.0282	EUR_AF=0.1375	SAS_AF=0.0000	EAS_AF=0.0000	GT	0	1	0	0	0	0	0	0
Y	2723966	.	G	A	100	PASS	AA=G	AC=1	AN=1233	DP=4705	NS=1233	VT=SNP	AMR_AF=0.0000	AF=0.0008	AFR_AF=0.0031	EUR_AF=0.0000	SAS_AF=0.0000	EAS_AF=0.0000	GT	0	0	0	0	0	0	0	0
Y	2724140	.	T	C	100	PASS	AA=T	AC=3	AN=1233	DP=5062	NS=1233	VT=SNP	AMR_AF=0.0000	AF=0.0024	AFR_AF=0.0000	EUR_AF=0.0000	SAS_AF=0.0000	EAS_AF=0.0123	GT	0	0	0	0	0	0	0	0
Y	2724189	.	T	A	100	PASS	AA=T	AC=4	AN=1233	DP=4515	NS=1233	VT=SNP	AMR_AF=0.0000	AF=0.0032	AFR_AF=0.0000	EUR_AF=0.0000	SAS_AF=0.0154	EAS_AF=0.0000	GT	0	0	0	0	0	0	0	0
Y	2724201	.	A	G	100	PASS	AA=A	AC=1	AN=1233	DP=4377	NS=1233	VT=SNP	AMR_AF=0.0000	AF=0.0008	AFR_AF=0.0031	EUR_AF=0.0000	SAS_AF=0.0000	EAS_AF=0.0000	GT	0	0	0	0	0	0	0	0
Y	2724286	.	T	G	100	PASS	AA=T	AC=1	AN=1233	DP=4184	NS=1233	VT=SNP	AMR_AF=0.0000	AF=0.0008	AFR_AF=0.0031	EUR_AF=0.0000	SAS_AF=0.0000	EAS_AF=0.0000	GT	0	0	0	0	0	0	0	0
Y	2724421	.	G	A	100	PASS	AA=G	AC=12	AN=1233	DP=3946	NS=1233	VT=SNP	AMR_AF=0.0176	AF=0.0097	AFR_AF=0.0031	EUR_AF=0.0250	SAS_AF=0.0038	EAS_AF=0.0041	GT	0	0	0	0	0	0	0	0
Y	2724468	.	G	A	100	PASS	AA=G	AC=1	AN=1233	DP=4173	NS=1233	VT=SNP	AMR_AF=0.0000	AF=0.0008	AFR_AF=0.0000	EUR_AF=0.0000	SAS_AF=0.0038	EAS_AF=0.0000	GT	0	0	0	0	0	0	0	0
Y	2724506	.	T	G	100	PASS	AA=T	AC=2	AN=1233	DP=4638	NS=1233	VT=SNP	AMR_AF=0.0000	AF=0.0016	AFR_AF=0.0000	EUR_AF=0.0083	SAS_AF=0.0000	EAS_AF=0.0000	GT	0	0	0	0	0	0	0	0
Y	2724533	.	G	T	100	PASS	AA=G	AC=1	AN=1233	DP=4779	NS=1233	VT=SNP	AMR_AF=0.0000	AF=0.0008	AFR_AF=0.0031	EUR_AF=0.0000	SAS_AF=0.0000	EAS_AF=0.0000	GT	0	0	0	0	0	0	0	0
Y	2724580	.	AT	A	100	PASS	AA=AT	AC=2	AN=1233	DP=3791	NS=1233	VT=INDEL	AMR_AF=0.0000	AF=0.0016	AFR_AF=0.0031	EUR_AF=0.0042	SAS_AF=0.0000	EAS_AF=0.0000	GT	0	0	0	0	0	0	0	0
Y	2724674	.	G	A	100	PASS	AA=G	AC=1	AN=1233	DP=4250	NS=1233	VT=SNP	AMR_AF=0.0000	AF=0.0008	AFR_AF=0.0031	EUR_AF=0.0000	SAS_AF=0.0000	EAS_AF=0.0000	GT	0	0	0	0	0	0	0	0
Y	2724733	.	G	A	100	PASS	AA=G	AC=1	AN=1233	DP=3806	NS=1233	VT=SNP	AMR_AF=0.0000	AF=0.0008	AFR_AF=0.0031	EUR_AF=0.0000	SAS_AF=0.0000	EAS_AF=0.0000	GT	0	0	0	0	0	0	0	0
Y	2724768	.	G	C	100	PASS	AA=G	AC=32	AN=1233	DP=3811	NS=1233	VT=SNP	AMR_AF=0.0000	AF=0.0260	AFR_AF=0.0000	EUR_AF=0.0958	SAS_AF=0.0038	EAS_AF=0.0328	GT	0	0	0	0	0	0	0	0
Y	2724870	.	G	A	100	PASS	AA=G	AC=1	AN=1233	DP=4520	NS=1233	VT=SNP	AMR_AF=0.0000	AF=0.0008	AFR_AF=0.0031	EUR_AF=0.0000	SAS_AF=0.0000	EAS_AF=0.0000	GT	0	0	0	0	0	0	0	0
Y	2724873	.	C	T	100	PASS	AA=C	AC=5	AN=1229	DP=4531	NS=1229	VT=SNP	AMR_AF=0.0000	AF=0.0041	AFR_AF=0.0000	EUR_AF=0.0000	SAS_AF=0.0156	EAS_AF=0.0041	GT	0	0	0	0	0	0	0	0
Y	2725415	.	G	A	100	PASS	AA=G	AC=4	AN=1233	DP=5704	NS=1233	VT=SNP	AMR_AF=0.0000	AF=0.0032	AFR_AF=0.0094	EUR_AF=0.0042	SAS_AF=0.0000	EAS_AF=0.0000	GT	0	0	0	0	0	0	0	0
Y	2725617	.	C	T	100	PASS	AA=C	AC=49	AN=1233	DP=5069	NS=1233	VT=SNP	AMR_AF=0.0000	AF=0.0397	AFR_AF=0.0000	EUR_AF=0.0000	SAS_AF=0.1885	EAS_AF=0.0000	GT	0	0	0	0	0	0	0	0
Y	2725926	.	C	G	100	PASS	AA=C	AC=1	AN=1233	DP=5006	NS=1233	VT=SNP	AMR_AF=0.0059	AF=0.0008	AFR_AF=0.0000	EUR_AF=0.0000	SAS_AF=0.0000	EAS_AF=0.0000	GT	0	0	0	0	0	0	0	0
Y	2726014	.	T	A	100	PASS	AA=T	AC=2	AN=1233	DP=4947	NS=1233	VT=SNP	AMR_AF=0.0000	AF=0.0016	AFR_AF=0.0063	EUR_AF=0.0000	SAS_AF=0.0000	EAS_AF=0.0000	GT	0	0	0	0	0	0	0	0
Y	2726256	.	C	T	100	PASS	AA=C	AC=8	AN=1233	DP=4957	NS=1233	VT=SNP	AMR_AF=0.0000	AF=0.0065	AFR_AF=0.0000	EUR_AF=0.0000	SAS_AF=0.0038	EAS_AF=0.0287	GT	0	0	0	0	0	0	0	0
Y	2726402	.	T	G	100	PASS	AA=T	AC=20	AN=1233	DP=5086	NS=1233	VT=SNP	AMR_AF=0.0000	AF=0.0162	AFR_AF=0.0000	EUR_AF=0.0000	SAS_AF=0.0000	EAS_AF=0.0820	GT	0	0	0	0	0	0	0	0
Y	2726580	.	C	T	100	PASS	AA=C	AC=1	AN=1233	DP=5183	NS=1233	VT=SNP	AMR_AF=0.0000	AF=0.0008	AFR_AF=0.0000	EUR_AF=0.0000	SAS_AF=0.0038	EAS_AF=0.0000	GT	0	0	0	0	0	0	0	0
Y	2726908	.	A	G	100	PASS	AA=A	AC=1	AN=1233	DP=4771	NS=1233	VT=SNP	AMR_AF=0.0000	AF=0.0008	AFR_AF=0.0000	EUR_AF=0.0000	SAS_AF=0.0000	EAS_AF=0.0041	GT	0	0	0	0	0	0	0	0
Y	2727311	.	T	A	100	PASS	AA=T	AC=42	AN=1233	DP=5394	NS=1233	VT=SNP	AMR_AF=0.2176	AF=0.0341	AFR_AF=0.0000	EUR_AF=0.0000	SAS_AF=0.0115	EAS_AF=0.0082	GT	0	0	0	0	0	0	0	0
Y	2727420	.	T	C	100	PASS	AA=T	AC=1	AN=1233	DP=5276	NS=1233	VT=SNP	AMR_AF=0.0000	AF=0.0008	AFR_AF=0.0031	EUR_AF=0.0000	SAS_AF=0.0000	EAS_AF=0.0000	GT	0	0	0	0	0	0	0	0
Y	2727675	.	C	T	100	PASS	AA=C	AC=5	AN=1233	DP=4839	NS=1233	VT=SNP	AMR_AF=0.0000	AF=0.0041	AFR_AF=0.0157	EUR_AF=0.0000	SAS_AF=0.0000	EAS_AF=0.0000	GT	0	0	0	0	0	0	0	0
Y	2727922	.	C	A	100	PASS	AA=C	AC=1	AN=1233	DP=4772	NS=1233	VT=SNP	AMR_AF=0.0000	AF=0.0008	AFR_AF=0.0000	EUR_AF=0.0000	SAS_AF=0.0038	EAS_AF=0.0000	GT	0	0	0	0	0	0	0	0
Y	2727960	.	T	C	100	PASS	AA=T	AC=6	AN=1233	DP=4424	NS=1233	VT=SNP	AMR_AF=0.0000	AF=0.0049	AFR_AF=0.0094	EUR_AF=0.0000	SAS_AF=0.0115	EAS_AF=0.0000	GT	0	0	0	0	0	0	0	0
Y	2728042	.	A	G	100	PASS	AA=A	AC=8	AN=1233	DP=4646	NS=1233	VT=SNP	AMR_AF=0.0000	AF=0.0065	AFR_AF=0.0251	EUR_AF=0.0000	SAS_AF=0.0000	EAS_AF=0.0000	GT	0	0	0	0	0	0	0	0
Y	2728091	.	GACTT	G	100	PASS	AA=GACTT	AC=3	AN=1233	DP=4248	NS=1233	VT=INDEL	AMR_AF=0.0000	AF=0.0024	AFR_AF=0.0000	EUR_AF=0.0000	SAS_AF=0.0000	EAS_AF=0.0123	GT	0	0	0	0	0	0	0	0
Y	2728118	.	T	A	100	PASS	AA=T	AC=1	AN=1233	DP=4654	NS=1233	VT=SNP	AMR_AF=0.0000	AF=0.0008	AFR_AF=0.0031	EUR_AF=0.0000	SAS_AF=0.0000	EAS_AF=0.0000	GT	0	0	0	0	0	0	0	0
Y	2728723	.	T	G	100	PASS	AA=T	AC=1	AN=1233	DP=5468	NS=1233	VT=SNP	AMR_AF=0.0000	AF=0.0008	AFR_AF=0.0000	EUR_AF=0.0000	SAS_AF=0.0038	EAS_AF=0.0000	GT	0	0	0	0	0	0	0	0
Y	2728888	.	T	G	100	PASS	AA=T	AC=1	AN=1233	DP=5382	NS=1233	VT=SNP	AMR_AF=0.0000	AF=0.0008	AFR_AF=0.0031	EUR_AF=0.0000	SAS_AF=0.0000	EAS_AF=0.0000	GT	0	0	0	0	0	0	0	0
Y	2728927	.	A	G	100	PASS	AA=A	AC=341	AN=1233	DP=5032	NS=1233	VT=SNP	AMR_AF=0.1706	AF=0.2766	AFR_AF=0.8966	EUR_AF=0.0250	SAS_AF=0.0000	EAS_AF=0.0820	GT	0	0	0	0	0	0	0	0
Y	2729520	.	T	C	100	PASS	AA=T	AC=1	AN=1233	DP=4558	NS=1233	VT=SNP	AMR_AF=0.0000	AF=0.0008	AFR_AF=0.0000	EUR_AF=0.0000	SAS_AF=0.0038	EAS_AF=0.0000	GT	0	0	0	0	0	0	0	0
Y	2730292	.	A	T	100	PASS	AA=A	AC=1	AN=1233	DP=5328	NS=1233	VT=SNP	AMR_AF=0.0000	AF=0.0008	AFR_AF=0.0000	EUR_AF=0.0000	SAS_AF=0.0000	EAS_AF=0.0041	GT	0	0	0	0	0	0	0	0
Y	2730419	.	G	A	100	PASS	AA=G	AC=1	AN=1233	DP=5217	NS=1233	VT=SNP	AMR_AF=0.0000	AF=0.0008	AFR_AF=0.0000	EUR_AF=0.0042	SAS_AF=0.0000	EAS_AF=0.0000	GT	0	0	0	0	0	0	0	0
Y	2730460	.	T	C	100	PASS	AA=T	AC=4	AN=1233	DP=5275	NS=1233	VT=SNP	AMR_AF=0.0000	AF=0.0032	AFR_AF=0.0125	EUR_AF=0.0000	SAS_AF=0.0000	EAS_AF=0.0000	GT	0	0	0	0	0	0	0	0
Y	2730676	.	T	C	100	PASS	AA=T	AC=3	AN=1233	DP=5582	NS=1233	VT=SNP	AMR_AF=0.0059	AF=0.0024	AFR_AF=0.0031	EUR_AF=0.0000	SAS_AF=0.0000	EAS_AF=0.0041	GT	0	0	0	0	0	0	0	0
Y	2730803	.	G	C	100	PASS	AA=G	AC=1	AN=1233	DP=5337	NS=1233	VT=SNP	AMR_AF=0.0000	AF=0.0008	AFR_AF=0.0031	EUR_AF=0.0000	SAS_AF=0.0000	EAS_AF=0.0000	GT	0	0	0	0	0	0	0	0
Y	2730823	.	T	A	100	PASS	AA=T	AC=1	AN=1233	DP=5424	NS=1233	VT=SNP	AMR_AF=0.0000	AF=0.0008	AFR_AF=0.0031	EUR_AF=0.0000	SAS_AF=0.0000	EAS_AF=0.0000	GT	0	0	0	0	0	0	0	0
Y	2731109	.	C	T	100	PASS	AA=C	AC=1	AN=1233	DP=4995	NS=1233	VT=SNP	AMR_AF=0.0000	AF=0.0008	AFR_AF=0.0000	EUR_AF=0.0000	SAS_AF=0.0038	EAS_AF=0.0000	GT	0	0	0	0	0	0	0	0
Y	2731139	.	G	C	100	PASS	AA=G	AC=3	AN=1233	DP=4860	NS=1233	VT=SNP	AMR_AF=0.0000	AF=0.0024	AFR_AF=0.0000	EUR_AF=0.0000	SAS_AF=0.0115	EAS_AF=0.0000	GT	0	0	0	0	0	0	0	0
Y	2731887	.	C	T	100	PASS	AA=C	AC=9	AN=1233	DP=4962	NS=1233	VT=SNP	AMR_AF=0.0000	AF=0.0073	AFR_AF=0.0000	EUR_AF=0.0000	SAS_AF=0.0000	EAS_AF=0.0369	GT	0	0	0	0	0	0	0	0
Y	2731892	.	T	G	100	PASS	AA=T	AC=1	AN=1233	DP=5003	NS=1233	VT=SNP	AMR_AF=0.0000	AF=0.0008	AFR_AF=0.0031	EUR_AF=0.0000	SAS_AF=0.0000	EAS_AF=0.0000	GT	0	0	0	0	0	0	0	0
Y	2732086	.	A	G	100	PASS	AA=A	AC=3	AN=1233	DP=4918	NS=1233	VT=SNP	AMR_AF=0.0059	AF=0.0024	AFR_AF=0.0063	EUR_AF=0.0000	SAS_AF=0.0000	EAS_AF=0.0000	GT	0	0	0	0	0	0	0	0
Y	2732111	.	A	G	100	PASS	AA=A	AC=3	AN=1233	DP=5022	NS=1233	VT=SNP	AMR_AF=0.0059	AF=0.0024	AFR_AF=0.0063	EUR_AF=0.0000	SAS_AF=0.0000	EAS_AF=0.0000	GT	0	0	0	0	0	0	0	0
Y	2732931	.	G	A	100	PASS	AA=G	AC=2	AN=1233	DP=16613	NS=1233	VT=SNP	AMR_AF=0.0000	AF=0.0016	AFR_AF=0.0000	EUR_AF=0.0000	SAS_AF=0.0077	EAS_AF=0.0000	GT	0	0	0	0	0	0	0	0
Y	2733035	.	C	T	100	PASS	AA=C	AC=1	AN=1233	DP=35293	NS=1233	VT=SNP	AMR_AF=0.0000	AF=0.0008	AFR_AF=0.0000	EUR_AF=0.0042	SAS_AF=0.0000	EAS_AF=0.0000	GT	0	0	0	0	0	0	0	0
Y	2733596	.	C	T	100	PASS	AA=C	AC=1	AN=1233	DP=6168	NS=1233	VT=SNP	AMR_AF=0.0000	AF=0.0008	AFR_AF=0.0000	EUR_AF=0.0042	SAS_AF=0.0000	EAS_AF=0.0000	GT	0	0	0	0	0	0	0	0
Y	2733618	.	A	C	100	PASS	AA=C	AC=12	AN=1233	DP=5633	NS=1233	VT=SNP	AMR_AF=0.0059	AF=0.0097	AFR_AF=0.0345	EUR_AF=0.0000	SAS_AF=0.0000	EAS_AF=0.0000	GT	0	0	0	0	0	0	0	0
Y	2733783	.	T	A	100	PASS	AA=T	AC=1	AN=1233	DP=4435	NS=1233	VT=SNP	AMR_AF=0.0000	AF=0.0008	AFR_AF=0.0031	EUR_AF=0.0000	SAS_AF=0.0000	EAS_AF=0.0000	GT	0	0	0	0	0	0	0	0
Y	2734180	.	C	G	100	PASS	AA=C	AC=1	AN=1233	DP=4261	NS=1233	VT=SNP	AMR_AF=0.0000	AF=0.0008	AFR_AF=0.0000	EUR_AF=0.0042	SAS_AF=0.0000	EAS_AF=0.0000	GT	1	0	0	0	0	0	0	0
Y	2734250	.	C	T	100	PASS	AA=C	AC=17	AN=1233	DP=4437	NS=1233	VT=SNP	AMR_AF=0.0000	AF=0.0138	AFR_AF=0.0000	EUR_AF=0.0000	SAS_AF=0.0000	EAS_AF=0.0697	GT	0	0	0	0	0	0	0	0
Y	2734331	.	C	T	100	PASS	AA=C	AC=1	AN=1233	DP=4875	NS=1233	VT=SNP	AMR_AF=0.0000	AF=0.0008	AFR_AF=0.0000	EUR_AF=0.0000	SAS_AF=0.0000	EAS_AF=0.0041	GT	0	0	0	0	0	0	0	0
Y	2734731	.	A	G	100	PASS	AA=A	AC=1	AN=1233	DP=25335	NS=1233	VT=SNP	AMR_AF=0.0000	AF=0.0008	AFR_AF=0.0000	EUR_AF=0.0042	SAS_AF=0.0000	EAS_AF=0.0000	GT	0	0	0	0	0	0	0	0
Y	2734796	.	T	C	100	PASS	AA=T	AC=1	AN=1233	DP=44157	NS=1233	VT=SNP	AMR_AF=0.0000	AF=0.0008	AFR_AF=0.0000	EUR_AF=0.0000	SAS_AF=0.0038	EAS_AF=0.0000	GT	0	0	0	0	0	0	0	0
Y	2734854	.	C	T	100	PASS	AA=C	AC=30	AN=1233	DP=82155	NS=1233	VT=SNP	EX_TARGET	AMR_AF=0.0000	AF=0.0243	AFR_AF=0.0000	EUR_AF=0.0000	SAS_AF=0.0692	EAS_AF=0.0492	GT	0	0	0	0	0	0	0
Y	2735282	.	A	G	100	PASS	AA=A	AC=2	AN=1233	DP=6378	NS=1233	VT=SNP	AMR_AF=0.0000	AF=0.0016	AFR_AF=0.0063	EUR_AF=0.0000	SAS_AF=0.0000	EAS_AF=0.0000	GT	0	0	0	0	0	0	0	0
Y	2735571	.	T	C	100	PASS	AA=T	AC=1	AN=1233	DP=5730	NS=1233	VT=SNP	AMR_AF=0.0000	AF=0.0008	AFR_AF=0.0031	EUR_AF=0.0000	SAS_AF=0.0000	EAS_AF=0.0000	GT	0	0	0	0	0	0	0	0
Y	2735658	.	C	T	100	PASS	AA=C	AC=1	AN=1233	DP=5380	NS=1233	VT=SNP	AMR_AF=0.0000	AF=0.0008	AFR_AF=0.0000	EUR_AF=0.0000	SAS_AF=0.0038	EAS_AF=0.0000	GT	0	0	0	0	0	0	0	0
Y	2736221	.	C	T	100	PASS	AA=C	AC=1	AN=1233	DP=4597	NS=1233	VT=SNP	AMR_AF=0.0000	AF=0.0008	AFR_AF=0.0031	EUR_AF=0.0000	SAS_AF=0.0000	EAS_AF=0.0000	GT	0	0	0	0	0	0	0	0
Y	2736391	.	G	A	100	PASS	AA=G	AC=3	AN=1233	DP=4399	NS=1233	VT=SNP	AMR_AF=0.0000	AF=0.0024	AFR_AF=0.0000	EUR_AF=0.0000	SAS_AF=0.0115	EAS_AF=0.0000	GT	0	0	0	0	0	0	0	0
Y	2736407	.	C	T	100	PASS	AA=C	AC=1	AN=1233	DP=4318	NS=1233	VT=SNP	AMR_AF=0.0059	AF=0.0008	AFR_AF=0.0000	EUR_AF=0.0000	SAS_AF=0.0000	EAS_AF=0.0000	GT	0	0	0	0	0	0	0	0
Y	2736576	.	A	T	100	PASS	AA=A	AC=1	AN=1233	DP=5227	NS=1233	VT=SNP	AMR_AF=0.0059	AF=0.0008	AFR_AF=0.0000	EUR_AF=0.0000	SAS_AF=0.0000	EAS_AF=0.0000	GT	0	0	0	0	0	0	0	0
Y	2736710	.	A	T	100	PASS	AA=A	AC=1	AN=1233	DP=4932	NS=1233	VT=SNP	AMR_AF=0.0000	AF=0.0008	AFR_AF=0.0000	EUR_AF=0.0042	SAS_AF=0.0000	EAS_AF=0.0000	GT	0	0	0	0	0	0	0	0
Y	2736730	.	A	G	100	PASS	AA=A	AC=2	AN=1233	DP=5054	NS=1233	VT=SNP	AMR_AF=0.0000	AF=0.0016	AFR_AF=0.0000	EUR_AF=0.0083	SAS_AF=0.0000	EAS_AF=0.0000	GT	0	0	0	0	0	0	0	0
Y	2736832	.	G	A	100	PASS	AA=G	AC=1	AN=1233	DP=5430	NS=1233	VT=SNP	AMR_AF=0.0000	AF=0.0008	AFR_AF=0.0000	EUR_AF=0.0000	SAS_AF=0.0038	EAS_AF=0.0000	GT	0	0	0	0	0	0	0	0
Y	2736889	.	T	C	100	PASS	AA=T	AC=41	AN=1233	DP=5225	NS=1233	VT=SNP	AMR_AF=0.0235	AF=0.0333	AFR_AF=0.0000	EUR_AF=0.0625	SAS_AF=0.0846	EAS_AF=0.0000	GT	0	0	0	0	0	0	0	0
Y	2736909	.	A	T	100	PASS	AA=A	AC=1	AN=1233	DP=5384	NS=1233	VT=SNP	AMR_AF=0.0000	AF=0.0008	AFR_AF=0.0000	EUR_AF=0.0042	SAS_AF=0.0000	EAS_AF=0.0000	GT	0	0	0	0	0	0	0	0
Y	2736918	.	C	A	100	PASS	AA=C	AC=1	AN=1233	DP=5510	NS=1233	VT=SNP	AMR_AF=0.0000	AF=0.0008	AFR_AF=0.0000	EUR_AF=0.0000	SAS_AF=0.0038	EAS_AF=0.0000	GT	0	0	0	0	0	0	0	0
Y	2737043	.	C	T	100	PASS	AA=C	AC=46	AN=1233	DP=5686	NS=1233	VT=SNP	AMR_AF=0.0000	AF=0.0373	AFR_AF=0.0000	EUR_AF=0.0000	SAS_AF=0.0077	EAS_AF=0.1803	GT	0	0	0	0	0	0	0	0
Y	2737408	.	C	G	100	PASS	AA=C	AC=1	AN=1233	DP=5414	NS=1233	VT=SNP	AMR_AF=0.0000	AF=0.0008	AFR_AF=0.0031	EUR_AF=0.0000	SAS_AF=0.0000	EAS_AF=0.0000	GT	0	0	0	0	0	0	0	0
Y	2737677	.	C	T	100	PASS	AA=C	AC=4	AN=1233	DP=4900	NS=1233	VT=SNP	AMR_AF=0.0000	AF=0.0032	AFR_AF=0.0094	EUR_AF=0.0000	SAS_AF=0.0000	EAS_AF=0.0041	GT	0	0	0	0	0	0	0	0
Y	2737799	.	G	A	100	PASS	AA=G	AC=2	AN=1233	DP=5444	NS=1233	VT=SNP	AMR_AF=0.0000	AF=0.0016	AFR_AF=0.0000	EUR_AF=0.0083	SAS_AF=0.0000	EAS_AF=0.0000	GT	0	0	0	0	0	0	0	0
Y	2737995	.	A	AT	100	PASS	AA=A	AC=39	AN=1233	DP=4753	NS=1233	VT=INDEL	AMR_AF=0.0000	AF=0.0316	AFR_AF=0.0000	EUR_AF=0.0000	SAS_AF=0.1500	EAS_AF=0.0000	GT	0	0	0	0	0	0	0	0
Y	2738084	.	G	A	100	PASS	AA=G	AC=3	AN=1224	DP=5188	NS=1224	VT=SNP	AMR_AF=0.0000	AF=0.0025	AFR_AF=0.0000	EUR_AF=0.0000	SAS_AF=0.0000	EAS_AF=0.0126	GT	0	0	0	0	0	0	0	0
Y	2738273	.	G	A	100	PASS	AA=G	AC=235	AN=1233	DP=5481	NS=1233	VT=SNP	AMR_AF=0.0000	AF=0.1906	AFR_AF=0.0000	EUR_AF=0.0958	SAS_AF=0.0192	EAS_AF=0.8484	GT	0	0	0	0	0	0	0	0
Y	2738353	.	T	G	100	PASS	AA=T	AC=1	AN=1233	DP=5406	NS=1233	VT=SNP	AMR_AF=0.0000	AF=0.0008	AFR_AF=0.0031	EUR_AF=0.0000	SAS_AF=0.0000	EAS_AF=0.0000	GT	0	0	0	0	0	0	0	0
Y	2738592	.	A	G	100	PASS	AA=A	AC=3	AN=1233	DP=5058	NS=1233	VT=SNP	AMR_AF=0.0000	AF=0.0024	AFR_AF=0.0094	EUR_AF=0.0000	SAS_AF=0.0000	EAS_AF=0.0000	GT	0	0	0	0	0	0	0	0
Y	2738954	.	G	A	100	PASS	AA=G	AC=7	AN=1233	DP=4542	NS=1233	VT=SNP	AMR_AF=0.0000	AF=0.0057	AFR_AF=0.0000	EUR_AF=0.0000	SAS_AF=0.0269	EAS_AF=0.0000	GT	0	0	0	0	0	0	0	0
Y	2738986	.	C	T	100	PASS	AA=C	AC=8	AN=1233	DP=4573	NS=1233	VT=SNP	AMR_AF=0.0000	AF=0.0065	AFR_AF=0.0000	EUR_AF=0.0000	SAS_AF=0.0038	EAS_AF=0.0287	GT	0	0	0	0	0	0	0	0
Y	2739040	.	C	T	100	PASS	AA=C	AC=2	AN=1233	DP=4466	NS=1233	VT=SNP	AMR_AF=0.0000	AF=0.0016	AFR_AF=0.0000	EUR_AF=0.0000	SAS_AF=0.0000	EAS_AF=0.0082	GT	0	0	0	0	0	0	0	0
Y	2739058	.	G	T	100	PASS	AA=G	AC=1	AN=1233	DP=4828	NS=1233	VT=SNP	AMR_AF=0.0000	AF=0.0008	AFR_AF=0.0000	EUR_AF=0.0000	SAS_AF=0.0038	EAS_AF=0.0000	GT	0	0	0	0	0	0	0	0
Y	2739464	.	G	A	100	PASS	AA=G	AC=1	AN=1233	DP=5936	NS=1233	VT=SNP	AMR_AF=0.0000	AF=0.0008	AFR_AF=0.0000	EUR_AF=0.0042	SAS_AF=0.0000	EAS_AF=0.0000	GT	0	0	0	0	0	0	0	0
Y	2739468	.	C	T	100	PASS	AA=C	AC=297	AN=1233	DP=6019	NS=1233	VT=SNP	AMR_AF=0.1706	AF=0.2409	AFR_AF=0.8213	EUR_AF=0.0250	SAS_AF=0.0000	EAS_AF=0.0000	GT	0	0	0	0	0	0	0	0
Y	2740151	.	C	T	100	PASS	AA=C	AC=17	AN=1233	DP=4298	NS=1233	VT=SNP	AMR_AF=0.0235	AF=0.0138	AFR_AF=0.0031	EUR_AF=0.0292	SAS_AF=0.0154	EAS_AF=0.0041	GT	0	0	0	0	0	0	0	0
Y	2740226	.	A	C	100	PASS	AA=A	AC=2	AN=1233	DP=4289	NS=1233	VT=SNP	AMR_AF=0.0000	AF=0.0016	AFR_AF=0.0000	EUR_AF=0.0000	SAS_AF=0.0000	EAS_AF=0.0082	GT	0	0	0	0	0	0	0	0
Y	2740358	.	C	G	100	PASS	AA=C	AC=1	AN=1233	DP=5003	NS=1233	VT=SNP	AMR_AF=0.0000	AF=0.0008	AFR_AF=0.0000	EUR_AF=0.0000	SAS_AF=0.0038	EAS_AF=0.0000	GT	0	0	0	0	0	0	0	0
Y	2740392	.	A	G	100	PASS	AA=A	AC=1	AN=1233	DP=4985	NS=1233	VT=SNP	AMR_AF=0.0000	AF=0.0008	AFR_AF=0.0000	EUR_AF=0.0000	SAS_AF=0.0000	EAS_AF=0.0041	GT	0	0	0	0	0	0	0	0
Y	2740432	.	A	C	100	PASS	AA=A	AC=1	AN=1233	DP=5153	NS=1233	VT=SNP	AMR_AF=0.0059	AF=0.0008	AFR_AF=0.0000	EUR_AF=0.0000	SAS_AF=0.0000	EAS_AF=0.0000	GT	0	0	0	0	0	0	0	0
Y	2740482	.	C	G	100	PASS	AA=C	AC=1	AN=1233	DP=4958	NS=1233	VT=SNP	AMR_AF=0.0000	AF=0.0008	AFR_AF=0.0000	EUR_AF=0.0000	SAS_AF=0.0038	EAS_AF=0.0000	GT	0	0	0	0	0	0	0	0
Y	2740584	.	C	T	100	PASS	AA=C	AC=1	AN=1233	DP=4467	NS=1233	VT=SNP	AMR_AF=0.0000	AF=0.0008	AFR_AF=0.0031	EUR_AF=0.0000	SAS_AF=0.0000	EAS_AF=0.0000	GT	0	0	0	0	0	0	0	0
Y	2740797	.	G	C	100	PASS	AA=G	AC=2	AN=1233	DP=4597	NS=1233	VT=SNP	AMR_AF=0.0000	AF=0.0016	AFR_AF=0.0000	EUR_AF=0.0000	SAS_AF=0.0077	EAS_AF=0.0000	GT	0	0	0	0	0	0	0	0
Y	2741023	.	C	A	100	PASS	AA=C	AC=1	AN=1233	DP=4902	NS=1233	VT=SNP	AMR_AF=0.0000	AF=0.0008	AFR_AF=0.0031	EUR_AF=0.0000	SAS_AF=0.0000	EAS_AF=0.0000	GT	0	0	0	0	0	0	0	0
Y	2742028	.	C	G	100	PASS	AA=C	AC=2	AN=1233	DP=4536	NS=1233	VT=SNP	AMR_AF=0.0000	AF=0.0016	AFR_AF=0.0000	EUR_AF=0.0000	SAS_AF=0.0077	EAS_AF=0.0000	GT	0	0	0	0	0	0	0	0
Y	2742040	.	T	A	100	PASS	AA=T	AC=3	AN=1233	DP=4565	NS=1233	VT=SNP	AMR_AF=0.0000	AF=0.0024	AFR_AF=0.0000	EUR_AF=0.0125	SAS_AF=0.0000	EAS_AF=0.0000	GT	0	0	0	0	0	0	0	0
Y	2742659	.	CA	C	100	PASS	AA=CA	AC=70	AN=1089	DP=2999	NS=1089	VT=INDEL	AMR_AF=0.0329	AF=0.0643	AFR_AF=0.0211	EUR_AF=0.0284	SAS_AF=0.0601	EAS_AF=0.1875	GT	0	0	.	0	0	0	0	0
Y	2742828	.	C	G	100	PASS	AA=C	AC=1	AN=1233	DP=5205	NS=1233	VT=SNP	AMR_AF=0.0000	AF=0.0008	AFR_AF=0.0000	EUR_AF=0.0042	SAS_AF=0.0000	EAS_AF=0.0000	GT	0	0	0	0	0	0	0	0
Y	2742891	.	T	G	100	PASS	AA=T	AC=1	AN=1233	DP=4950	NS=1233	VT=SNP	AMR_AF=0.0000	AF=0.0008	AFR_AF=0.0031	EUR_AF=0.0000	SAS_AF=0.0000	EAS_AF=0.0000	GT	0	0	0	0	0	0	0	0
Y	2743322	.	C	G	100	PASS	AA=C	AC=1	AN=1233	DP=4668	NS=1233	VT=SNP	AMR_AF=0.0000	AF=0.0008	AFR_AF=0.0000	EUR_AF=0.0042	SAS_AF=0.0000	EAS_AF=0.0000	GT	0	0	0	0	0	0	0	0
Y	2743365	.	G	A	100	PASS	AA=G	AC=1	AN=1233	DP=4468	NS=1233	VT=SNP	AMR_AF=0.0000	AF=0.0008	AFR_AF=0.0031	EUR_AF=0.0000	SAS_AF=0.0000	EAS_AF=0.0000	GT	0	0	0	0	0	0	0	0
Y	2743491	.	A	G	100	PASS	AA=A	AC=1	AN=1233	DP=4465	NS=1233	VT=SNP	AMR_AF=0.0000	AF=0.0008	AFR_AF=0.0031	EUR_AF=0.0000	SAS_AF=0.0000	EAS_AF=0.0000	GT	0	0	0	0	0	0	0	0
Y	2743515	.	T	C	100	PASS	AA=T	AC=2	AN=1233	DP=4570	NS=1233	VT=SNP	AMR_AF=0.0000	AF=0.0016	AFR_AF=0.0000	EUR_AF=0.0000	SAS_AF=0.0077	EAS_AF=0.0000	GT	0	0	0	0	0	0	0	0
Y	2743641	.	C	A	100	PASS	AA=C	AC=1	AN=1233	DP=4940	NS=1233	VT=SNP	AMR_AF=0.0000	AF=0.0008	AFR_AF=0.0000	EUR_AF=0.0000	SAS_AF=0.0000	EAS_AF=0.0041	GT	0	0	0	0	0	0	0	0
Y	2743754	.	C	T	100	PASS	AA=C	AC=322	AN=1233	DP=4906	NS=1233	VT=SNP	AMR_AF=0.1765	AF=0.2612	AFR_AF=0.8966	EUR_AF=0.0250	SAS_AF=0.0000	EAS_AF=0.0000	GT	0	0	0	0	0	0	0	0
Y	2744386	.	T	G	100	PASS	AA=G	AC=12	AN=1233	DP=4446	NS=1233	VT=SNP	AMR_AF=0.0059	AF=0.0097	AFR_AF=0.0345	EUR_AF=0.0000	SAS_AF=0.0000	EAS_AF=0.0000	GT	0	0	0	0	0	0	0	0
Y	2744510	.	T	C	100	PASS	AA=T	AC=1	AN=1233	DP=4360	NS=1233	VT=SNP	AMR_AF=0.0059	AF=0.0008	AFR_AF=0.0000	EUR_AF=0.0000	SAS_AF=0.0000	EAS_AF=0.0000	GT	0	0	0	0	0	0	0	0
Y	2744901	.	C	T	100	PASS	AA=C	AC=1	AN=1233	DP=4987	NS=1233	VT=SNP	AMR_AF=0.0000	AF=0.0008	AFR_AF=0.0000	EUR_AF=0.0000	SAS_AF=0.0038	EAS_AF=0.0000	GT	0	0	0	0	0	0	0	0
Y	2744983	.	C	T	100	PASS	AA=C	AC=3	AN=1229	DP=5378	NS=1229	VT=SNP	AMR_AF=0.0000	AF=0.0024	AFR_AF=0.0095	EUR_AF=0.0000	SAS_AF=0.0000	EAS_AF=0.0000	GT	0	0	0	0	0	0	0	0
Y	2745276	.	C	T	100	PASS	AA=C	AC=41	AN=1233	DP=5686	NS=1233	VT=SNP	AMR_AF=0.0235	AF=0.0333	AFR_AF=0.0000	EUR_AF=0.0625	SAS_AF=0.0846	EAS_AF=0.0000	GT	0	0	0	0	0	0	0	0
Y	2745543	.	G	T	100	PASS	AA=G	AC=1	AN=1233	DP=5316	NS=1233	VT=SNP	AMR_AF=0.0000	AF=0.0008	AFR_AF=0.0031	EUR_AF=0.0000	SAS_AF=0.0000	EAS_AF=0.0000	GT	0	0	0	0	0	0	0	0
Y	2745595	.	G	A	100	PASS	AA=G	AC=3	AN=1233	DP=5272	NS=1233	VT=SNP	AMR_AF=0.0176	AF=0.0024	AFR_AF=0.0000	EUR_AF=0.0000	SAS_AF=0.0000	EAS_AF=0.0000	GT	0	0	0	0	0	0	0	0
Y	2745637	.	C	T	100	PASS	AA=C	AC=1	AN=1233	DP=4937	NS=1233	VT=SNP	AMR_AF=0.0000	AF=0.0008	AFR_AF=0.0000	EUR_AF=0.0000	SAS_AF=0.0038	EAS_AF=0.0000	GT	0	0	0	0	0	0	0	0
Y	2745797	.	G	A	100	PASS	AA=G	AC=3	AN=1233	DP=4498	NS=1233	VT=SNP	AMR_AF=0.0000	AF=0.0024	AFR_AF=0.0000	EUR_AF=0.0000	SAS_AF=0.0000	EAS_AF=0.0123	GT	0	0	0	0	0	0	0	0
Y	2746109	.	T	C	100	PASS	AA=T	AC=1	AN=1233	DP=3768	NS=1233	VT=SNP	AMR_AF=0.0000	AF=0.0008	AFR_AF=0.0000	EUR_AF=0.0000	SAS_AF=0.0038	EAS_AF=0.0000	GT	0	0	0	0	0	0	0	0
Y	2746223	.	A	G	100	PASS	AA=A	AC=3	AN=1233	DP=4801	NS=1233	VT=SNP	AMR_AF=0.0000	AF=0.0024	AFR_AF=0.0094	EUR_AF=0.0000	SAS_AF=0.0000	EAS_AF=0.0000	GT	0	0	0	0	0	0	0	0
Y	2747332	.	T	C	100	PASS	AA=T	AC=1	AN=1233	DP=13554	NS=1233	VT=SNP	AMR_AF=0.0059	AF=0.0008	AFR_AF=0.0000	EUR_AF=0.0000	SAS_AF=0.0000	EAS_AF=0.0000	GT	0	0	0	0	0	0	0	0
Y	2748107	.	T	C	100	PASS	AA=T	AC=1	AN=1233	DP=4235	NS=1233	VT=SNP	AMR_AF=0.0000	AF=0.0008	AFR_AF=0.0031	EUR_AF=0.0000	SAS_AF=0.0000	EAS_AF=0.0000	GT	0	0	0	0	0	0	0	0
Y	2748159	.	G	A	100	PASS	AA=G	AC=2	AN=1233	DP=4599	NS=1233	VT=SNP	AMR_AF=0.0118	AF=0.0016	AFR_AF=0.0000	EUR_AF=0.0000	SAS_AF=0.0000	EAS_AF=0.0000	GT	0	0	0	0	0	0	0	0
Y	2748374	.	A	C	100	PASS	AA=A	AC=2	AN=1233	DP=4838	NS=1233	VT=SNP	AMR_AF=0.0000	AF=0.0016	AFR_AF=0.0000	EUR_AF=0.0000	SAS_AF=0.0077	EAS_AF=0.0000	GT	0	0	0	0	0	0	0	0
Y	2748435	.	A	G	100	PASS	AA=A	AC=1	AN=1233	DP=5472	NS=1233	VT=SNP	AMR_AF=0.0000	AF=0.0008	AFR_AF=0.0000	EUR_AF=0.0000	SAS_AF=0.0038	EAS_AF=0.0000	GT	0	0	0	0	0	0	0	0
Y	2748998	.	T	C	100	PASS	AA=T	AC=1	AN=1233	DP=5465	NS=1233	VT=SNP	AMR_AF=0.0059	AF=0.0008	AFR_AF=0.0000	EUR_AF=0.0000	SAS_AF=0.0000	EAS_AF=0.0000	GT	0	0	0	0	0	0	0	0
Y	2749166	.	G	A	100	PASS	AA=G	AC=1	AN=1233	DP=5118	NS=1233	VT=SNP	AMR_AF=0.0000	AF=0.0008	AFR_AF=0.0000	EUR_AF=0.0042	SAS_AF=0.0000	EAS_AF=0.0000	GT	0	0	0	0	0	0	0	0
Y	2749355	.	G	GT	100	PASS	AA=G	AC=18	AN=1233	DP=4128	NS=1233	VT=INDEL	AMR_AF=0.0000	AF=0.0146	AFR_AF=0.0000	EUR_AF=0.0042	SAS_AF=0.0654	EAS_AF=0.0000	GT	0	0	0	0	0	0	0	0
Y	2749995	.	T	G	100	PASS	AA=T	AC=1	AN=1233	DP=48305	NS=1233	VT=SNP	AMR_AF=0.0000	AF=0.0008	AFR_AF=0.0000	EUR_AF=0.0042	SAS_AF=0.0000	EAS_AF=0.0000	GT	0	0	0	0	0	0	0	0
Y	2750201	.	G	A	100	PASS	AA=G	AC=1	AN=1233	DP=18571	NS=1233	VT=SNP	AMR_AF=0.0000	AF=0.0008	AFR_AF=0.0000	EUR_AF=0.0000	SAS_AF=0.0038	EAS_AF=0.0000	GT	0	0	0	0	0	0	0	0
Y	2750408	.	A	G	100	PASS	AA=A	AC=1	AN=1233	DP=7019	NS=1233	VT=SNP	AMR_AF=0.0000	AF=0.0008	AFR_AF=0.0000	EUR_AF=0.0000	SAS_AF=0.0000	EAS_AF=0.0041	GT	0	0	0	0	0	0	0	0
Y	2750722	.	C	G	100	PASS	AA=G	AC=6	AN=1233	DP=3011	NS=1233	VT=SNP	AMR_AF=0.0000	AF=0.0049	AFR_AF=0.0188	EUR_AF=0.0000	SAS_AF=0.0000	EAS_AF=0.0000	GT	0	0	0	0	0	0	0	0
Y	2750827	.	G	A	100	PASS	AA=G	AC=1	AN=1233	DP=2634	NS=1233	VT=SNP	AMR_AF=0.0000	AF=0.0008	AFR_AF=0.0000	EUR_AF=0.0000	SAS_AF=0.0000	EAS_AF=0.0041	GT	0	0	0	0	0	0	0	0
Y	2750950	.	G	A	100	PASS	AA=G	AC=3	AN=1233	DP=4097	NS=1233	VT=SNP	AMR_AF=0.0000	AF=0.0024	AFR_AF=0.0000	EUR_AF=0.0000	SAS_AF=0.0000	EAS_AF=0.0123	GT	0	0	0	0	0	0	0	0
Y	2751678	.	A	G	100	PASS	AA=A	AC=41	AN=1233	DP=57898	NS=1233	VT=SNP	AMR_AF=0.0235	AF=0.0333	AFR_AF=0.0000	EUR_AF=0.0625	SAS_AF=0.0846	EAS_AF=0.0000	GT	0	0	0	0	0	0	0	0
Y	2751973	.	G	A	100	PASS	AA=G	AC=5	AN=1233	DP=5382	NS=1233	VT=SNP	AMR_AF=0.0000	AF=0.0041	AFR_AF=0.0157	EUR_AF=0.0000	SAS_AF=0.0000	EAS_AF=0.0000	GT	0	0	0	0	0	0	0	0
Y	2751989	.	CAT	C	100	PASS	AA=CAT	AC=3	AN=1233	DP=5045	NS=1233	VT=INDEL	AMR_AF=0.0059	AF=0.0024	AFR_AF=0.0063	EUR_AF=0.0000	SAS_AF=0.0000	EAS_AF=0.0000	GT	0	0	0	0	0	0	0	0
Y	2752324	.	C	A	100	PASS	AA=C	AC=1	AN=1233	DP=4331	NS=1233	VT=SNP	AMR_AF=0.0059	AF=0.0008	AFR_AF=0.0000	EUR_AF=0.0000	SAS_AF=0.0000	EAS_AF=0.0000	GT	0	0	0	0	0	0	0	0
Y	2752344	.	G	A	100	PASS	AA=G	AC=27	AN=1233	DP=4049	NS=1233	VT=SNP	AMR_AF=0.0000	AF=0.0219	AFR_AF=0.0000	EUR_AF=0.0042	SAS_AF=0.0000	EAS_AF=0.1066	GT	0	0	0	0	0	0	0	0
Y	2752579	.	A	G	100	PASS	AA=A	AC=3	AN=1233	DP=4068	NS=1233	VT=SNP	AMR_AF=0.0059	AF=0.0024	AFR_AF=0.0000	EUR_AF=0.0000	SAS_AF=0.0000	EAS_AF=0.0082	GT	0	0	0	0	0	0	0	0
Y	2752674	.	C	T	100	PASS	AA=C	AC=1	AN=1233	DP=3435	NS=1233	VT=SNP	AMR_AF=0.0000	AF=0.0008	AFR_AF=0.0000	EUR_AF=0.0000	SAS_AF=0.0000	EAS_AF=0.0041	GT	0	0	0	0	0	0	0	0
Y	2752887	.	G	T	100	PASS	AA=G	AC=20	AN=1233	DP=4358	NS=1233	VT=SNP	AMR_AF=0.0000	AF=0.0162	AFR_AF=0.0000	EUR_AF=0.0000	SAS_AF=0.0000	EAS_AF=0.0820	GT	0	0	0	0	0	0	0	0
Y	2753096	.	G	A	100	PASS	AA=G	AC=1	AN=1233	DP=3914	NS=1233	VT=SNP	AMR_AF=0.0000	AF=0.0008	AFR_AF=0.0000	EUR_AF=0.0042	SAS_AF=0.0000	EAS_AF=0.0000	GT	0	0	0	0	0	0	0	0
Y	2753389	.	G	A	100	PASS	AA=G	AC=1	AN=1233	DP=4957	NS=1233	VT=SNP	AMR_AF=0.0000	AF=0.0008	AFR_AF=0.0000	EUR_AF=0.0042	SAS_AF=0.0000	EAS_AF=0.0000	GT	0	0	0	0	0	0	0	0
Y	2753908	.	T	G	100	PASS	AA=T	AC=32	AN=1233	DP=5518	NS=1233	VT=SNP	AMR_AF=0.0118	AF=0.0260	AFR_AF=0.0125	EUR_AF=0.1042	SAS_AF=0.0000	EAS_AF=0.0041	GT	0	1	0	0	0	0	0	0
Y	2753972	.	G	C	100	PASS	AA=G	AC=1	AN=1233	DP=5800	NS=1233	VT=SNP	AMR_AF=0.0000	AF=0.0008	AFR_AF=0.0000	EUR_AF=0.0000	SAS_AF=0.0038	EAS_AF=0.0000	GT	0	0	0	0	0	0	0	0
Y	2754170	.	G	A	100	PASS	AA=G	AC=1	AN=1233	DP=5575	NS=1233	VT=SNP	AMR_AF=0.0000	AF=0.0008	AFR_AF=0.0031	EUR_AF=0.0000	SAS_AF=0.0000	EAS_AF=0.0000	GT	0	0	0	0	0	0	0	0
Y	2754187	.	C	T	100	PASS	AA=C	AC=1	AN=1233	DP=5502	NS=1233	VT=SNP	AMR_AF=0.0059	AF=0.0008	AFR_AF=0.0000	EUR_AF=0.0000	SAS_AF=0.0000	EAS_AF=0.0000	GT	0	0	0	0	0	0	0	0
Y	2754208	.	A	G	100	PASS	AA=A	AC=1	AN=1233	DP=5495	NS=1233	VT=SNP	AMR_AF=0.0000	AF=0.0008	AFR_AF=0.0031	EUR_AF=0.0000	SAS_AF=0.0000	EAS_AF=0.0000	GT	0	0	0	0	0	0	0	0
Y	2754378	.	C	T	100	PASS	AA=C	AC=1	AN=1233	DP=5805	NS=1233	VT=SNP	AMR_AF=0.0000	AF=0.0008	AFR_AF=0.0000	EUR_AF=0.0042	SAS_AF=0.0000	EAS_AF=0.0000	GT	0	0	0	0	0	0	0	0
Y	2755444	.	G	A	100	PASS	AA=G	AC=1	AN=1233	DP=4813	NS=1233	VT=SNP	AMR_AF=0.0000	AF=0.0008	AFR_AF=0.0000	EUR_AF=0.0042	SAS_AF=0.0000	EAS_AF=0.0000	GT	0	0	0	0	0	0	0	0
Y	2755679	.	T	C	100	PASS	AA=T	AC=20	AN=1233	DP=5070	NS=1233	VT=SNP	AMR_AF=0.0059	AF=0.0162	AFR_AF=0.0596	EUR_AF=0.0000	SAS_AF=0.0000	EAS_AF=0.0000	GT	0	0	0	0	0	0	0	0
Y	2755720	.	G	C	100	PASS	AA=G	AC=1	AN=1233	DP=5180	NS=1233	VT=SNP	AMR_AF=0.0000	AF=0.0008	AFR_AF=0.0031	EUR_AF=0.0000	SAS_AF=0.0000	EAS_AF=0.0000	GT	0	0	0	0	0	0	0	0
Y	2755853	.	G	C	100	PASS	AA=G	AC=1	AN=1233	DP=5693	NS=1233	VT=SNP	AMR_AF=0.0059	AF=0.0008	AFR_AF=0.0000	EUR_AF=0.0000	SAS_AF=0.0000	EAS_AF=0.0000	GT	0	0	0	0	0	0	0	0
Y	2756471	.	T	A	100	PASS	AA=A	AC=384	AN=1233	DP=5526	NS=1233	VT=SNP	AMR_AF=0.1824	AF=0.3114	AFR_AF=0.9310	EUR_AF=0.0250	SAS_AF=0.0692	EAS_AF=0.1311	GT	0	0	0	0	0	0	0	0
Y	2756519	.	C	T	100	PASS	AA=T	AC=5	AN=1233	DP=5580	NS=1233	VT=SNP	AMR_AF=0.0000	AF=0.0041	AFR_AF=0.0157	EUR_AF=0.0000	SAS_AF=0.0000	EAS_AF=0.0000	GT	0	0	0	0	0	0	0	0
Y	2756632	.	G	A	100	PASS	AA=G	AC=1	AN=1233	DP=5413	NS=1233	VT=SNP	AMR_AF=0.0000	AF=0.0008	AFR_AF=0.0000	EUR_AF=0.0042	SAS_AF=0.0000	EAS_AF=0.0000	GT	0	0	0	0	0	0	0	0
Y	2756846	.	A	G	100	PASS	AA=A	AC=1	AN=1233	DP=5366	NS=1233	VT=SNP	AMR_AF=0.0000	AF=0.0008	AFR_AF=0.0031	EUR_AF=0.0000	SAS_AF=0.0000	EAS_AF=0.0000	GT	0	0	0	0	0	0	0	0
Y	2757033	.	A	T	100	PASS	AA=A	AC=13	AN=1233	DP=4920	NS=1233	VT=SNP	AMR_AF=0.0000	AF=0.0105	AFR_AF=0.0000	EUR_AF=0.0000	SAS_AF=0.0500	EAS_AF=0.0000	GT	0	0	0	0	0	0	0	0
Y	2757390	.	G	A	100	PASS	AA=G	AC=2	AN=1233	DP=4855	NS=1233	VT=SNP	AMR_AF=0.0000	AF=0.0016	AFR_AF=0.0063	EUR_AF=0.0000	SAS_AF=0.0000	EAS_AF=0.0000	GT	0	0	0	0	0	0	0	0
Y	2757501	.	T	G	100	PASS	AA=T	AC=1	AN=1233	DP=5161	NS=1233	VT=SNP	AMR_AF=0.0000	AF=0.0008	AFR_AF=0.0000	EUR_AF=0.0000	SAS_AF=0.0000	EAS_AF=0.0041	GT	0	0	0	0	0	0	0	0
Y	2757670	.	T	C	100	PASS	AA=C	AC=12	AN=1233	DP=3941	NS=1233	VT=SNP	AMR_AF=0.0059	AF=0.0097	AFR_AF=0.0345	EUR_AF=0.0000	SAS_AF=0.0000	EAS_AF=0.0000	GT	0	0	0	0	0	0	0	0
Y	2757713	.	C	T	100	PASS	AA=C	AC=1	AN=1233	DP=3830	NS=1233	VT=SNP	AMR_AF=0.0000	AF=0.0008	AFR_AF=0.0000	EUR_AF=0.0042	SAS_AF=0.0000	EAS_AF=0.0000	GT	0	0	0	0	0	0	0	0
Y	2757852	.	T	C	100	PASS	AA=T	AC=2	AN=1233	DP=4515	NS=1233	VT=SNP	AMR_AF=0.0000	AF=0.0016	AFR_AF=0.0063	EUR_AF=0.0000	SAS_AF=0.0000	EAS_AF=0.0000	GT	0	0	0	0	0	0	0	0
Y	2758758	.	G	C	100	PASS	AA=G	AC=13	AN=1233	DP=4773	NS=1233	VT=SNP	AMR_AF=0.0000	AF=0.0105	AFR_AF=0.0000	EUR_AF=0.0000	SAS_AF=0.0500	EAS_AF=0.0000	GT	0	0	0	0	0	0	0	0
Y	2758804	.	T	C	100	PASS	AA=T	AC=1	AN=1233	DP=4003	NS=1233	VT=SNP	AMR_AF=0.0059	AF=0.0008	AFR_AF=0.0000	EUR_AF=0.0000	SAS_AF=0.0000	EAS_AF=0.0000	GT	0	0	0	0	0	0	0	0
Y	2758938	.	A	G	100	PASS	AA=A	AC=1	AN=1233	DP=5438	NS=1233	VT=SNP	AMR_AF=0.0000	AF=0.0008	AFR_AF=0.0000	EUR_AF=0.0000	SAS_AF=0.0038	EAS_AF=0.0000	GT	0	0	0	0	0	0	0	0
Y	2759285	.	C	G	100	PASS	AA=C	AC=12	AN=1233	DP=4568	NS=1233	VT=SNP	AMR_AF=0.0000	AF=0.0097	AFR_AF=0.0000	EUR_AF=0.0000	SAS_AF=0.0462	EAS_AF=0.0000	GT	0	0	0	0	0	0	0	0
Y	2759302	.	T	C	100	PASS	AA=T	AC=2	AN=1233	DP=4583	NS=1233	VT=SNP	AMR_AF=0.0000	AF=0.0016	AFR_AF=0.0000	EUR_AF=0.0000	SAS_AF=0.0077	EAS_AF=0.0000	GT	0	0	0	0	0	0	0	0
Y	2759487	.	G	A	100	PASS	AA=G	AC=1	AN=1233	DP=3155	NS=1233	VT=SNP	AMR_AF=0.0000	AF=0.0008	AFR_AF=0.0000	EUR_AF=0.0000	SAS_AF=0.0038	EAS_AF=0.0000	GT	0	0	0	0	0	0	0	0
Y	2760130	.	C	G	100	PASS	AA=C	AC=1	AN=1233	DP=4506	NS=1233	VT=SNP	AMR_AF=0.0000	AF=0.0008	AFR_AF=0.0000	EUR_AF=0.0000	SAS_AF=0.0038	EAS_AF=0.0000	GT	0	0	0	0	0	0	0	0
Y	2760171	.	A	G	100	PASS	AA=A	AC=1	AN=1233	DP=4302	NS=1233	VT=SNP	AMR_AF=0.0000	AF=0.0008	AFR_AF=0.0000	EUR_AF=0.0000	SAS_AF=0.0000	EAS_AF=0.0041	GT	0	0	0	0	0	0	0	0
Y	2760624	.	A	G	100	PASS	AA=A	AC=1	AN=1233	DP=4864	NS=1233	VT=SNP	AMR_AF=0.0000	AF=0.0008	AFR_AF=0.0000	EUR_AF=0.0000	SAS_AF=0.0000	EAS_AF=0.0041	GT	0	0	0	0	0	0	0	0
Y	2760639	.	T	C	100	PASS	AA=T	AC=1	AN=1233	DP=4901	NS=1233	VT=SNP	AMR_AF=0.0000	AF=0.0008	AFR_AF=0.0031	EUR_AF=0.0000	SAS_AF=0.0000	EAS_AF=0.0000	GT	0	0	0	0	0	0	0	0
Y	2760918	.	C	A	100	PASS	AA=C	AC=1	AN=1233	DP=4777	NS=1233	VT=SNP	AMR_AF=0.0000	AF=0.0008	AFR_AF=0.0000	EUR_AF=0.0000	SAS_AF=0.0038	EAS_AF=0.0000	GT	0	0	0	0	0	0	0	0
Y	2761189	.	C	CA	100	PASS	AA=C	AC=3	AN=1233	DP=3663	NS=1233	VT=INDEL	AMR_AF=0.0059	AF=0.0024	AFR_AF=0.0063	EUR_AF=0.0000	SAS_AF=0.0000	EAS_AF=0.0000	GT	0	0	0	0	0	0	0	0
Y	2761602	.	T	G	100	PASS	AA=T	AC=1	AN=1233	DP=3307	NS=1233	VT=SNP	AMR_AF=0.0000	AF=0.0008	AFR_AF=0.0000	EUR_AF=0.0000	SAS_AF=0.0038	EAS_AF=0.0000	GT	0	0	0	0	0	0	0	0
Y	2761949	.	C	T	100	PASS	AA=C	AC=1	AN=1233	DP=3802	NS=1233	VT=SNP	AMR_AF=0.0000	AF=0.0008	AFR_AF=0.0000	EUR_AF=0.0000	SAS_AF=0.0000	EAS_AF=0.0041	GT	0	0	0	0	0	0	0	0
Y	2762031	.	C	T	100	PASS	AA=C	AC=3	AN=1233	DP=3604	NS=1233	VT=SNP	AMR_AF=0.0000	AF=0.0024	AFR_AF=0.0000	EUR_AF=0.0000	SAS_AF=0.0115	EAS_AF=0.0000	GT	0	0	0	0	0	0	0	0
Y	2762077	.	C	T	100	PASS	AA=C	AC=262	AN=1233	DP=3231	NS=1233	VT=SNP	AMR_AF=0.0471	AF=0.2125	AFR_AF=0.7962	EUR_AF=0.0000	SAS_AF=0.0000	EAS_AF=0.0000	GT	0	0	0	0	0	0	0	0
Y	2762089	.	T	C	100	PASS	AA=T	AC=262	AN=1233	DP=2701	NS=1233	VT=SNP	AMR_AF=0.0471	AF=0.2125	AFR_AF=0.7962	EUR_AF=0.0000	SAS_AF=0.0000	EAS_AF=0.0000	GT	0	0	0	0	0	0	0	0
Y	2762285	.	T	C	100	PASS	AA=T	AC=1	AN=1233	DP=4827	NS=1233	VT=SNP	AMR_AF=0.0059	AF=0.0008	AFR_AF=0.0000	EUR_AF=0.0000	SAS_AF=0.0000	EAS_AF=0.0000	GT	0	0	0	0	0	0	0	0
Y	2762492	.	T	G	100	PASS	AA=T	AC=228	AN=1198	DP=3812	NS=1198	VT=SNP	AMR_AF=0.0473	AF=0.1903	AFR_AF=0.7692	EUR_AF=0.0000	SAS_AF=0.0000	EAS_AF=0.0000	GT	0	0	0	0	0	0	0	0
Y	2762528	.	C	T	100	PASS	AA=C	AC=1	AN=1233	DP=4101	NS=1233	VT=SNP	AMR_AF=0.0000	AF=0.0008	AFR_AF=0.0000	EUR_AF=0.0000	SAS_AF=0.0000	EAS_AF=0.0041	GT	0	0	0	0	0	0	0	0
Y	2762709	.	T	C	100	PASS	AA=T	AC=3	AN=1233	DP=4027	NS=1233	VT=SNP	AMR_AF=0.0059	AF=0.0024	AFR_AF=0.0063	EUR_AF=0.0000	SAS_AF=0.0000	EAS_AF=0.0000	GT	0	0	0	0	0	0	0	0
Y	2763056	.	T	C	100	PASS	AA=T	AC=17	AN=1233	DP=4338	NS=1233	VT=SNP	AMR_AF=0.0000	AF=0.0138	AFR_AF=0.0000	EUR_AF=0.0000	SAS_AF=0.0654	EAS_AF=0.0000	GT	0	0	0	0	0	0	0	0
Y	2763689	.	T	C	100	PASS	AA=T	AC=5	AN=1233	DP=3453	NS=1233	VT=SNP	AMR_AF=0.0000	AF=0.0041	AFR_AF=0.0000	EUR_AF=0.0208	SAS_AF=0.0000	EAS_AF=0.0000	GT	0	0	0	0	0	0	0	0
Y	2763804	.	C	A	100	PASS	AA=C	AC=56	AN=979	DP=4301	NS=979	VT=SNP	AMR_AF=0.0735	AF=0.0572	AFR_AF=0.0615	EUR_AF=0.0321	SAS_AF=0.0564	EAS_AF=0.0647	GT	0	0	.	0	0	0	0	0
Y	2764161	.	G	A	100	PASS	AA=G	AC=1	AN=1233	DP=5216	NS=1233	VT=SNP	AMR_AF=0.0000	AF=0.0008	AFR_AF=0.0031	EUR_AF=0.0000	SAS_AF=0.0000	EAS_AF=0.0000	GT	0	0	0	0	0	0	0	0
Y	2764207	.	A	G	100	PASS	AA=A	AC=1	AN=1233	DP=5413	NS=1233	VT=SNP	AMR_AF=0.0000	AF=0.0008	AFR_AF=0.0031	EUR_AF=0.0000	SAS_AF=0.0000	EAS_AF=0.0000	GT	0	0	0	0	0	0	0	0
Y	2764542	.	T	G	100	PASS	AA=T	AC=1	AN=1233	DP=4792	NS=1233	VT=SNP	AMR_AF=0.0000	AF=0.0008	AFR_AF=0.0000	EUR_AF=0.0000	SAS_AF=0.0000	EAS_AF=0.0041	GT	0	0	0	0	0	0	0	0
Y	2764643	.	T	C	100	PASS	AA=T	AC=1	AN=1233	DP=4681	NS=1233	VT=SNP	AMR_AF=0.0000	AF=0.0008	AFR_AF=0.0000	EUR_AF=0.0000	SAS_AF=0.0000	EAS_AF=0.0041	GT	0	0	0	0	0	0	0	0
Y	2764920	.	G	A	100	PASS	AA=G	AC=1	AN=1233	DP=4140	NS=1233	VT=SNP	AMR_AF=0.0059	AF=0.0008	AFR_AF=0.0000	EUR_AF=0.0000	SAS_AF=0.0000	EAS_AF=0.0000	GT	0	0	0	0	0	0	0	0
Y	2765271	.	A	G	100	PASS	AA=A	AC=8	AN=1233	DP=12517	NS=1233	VT=SNP	AMR_AF=0.0235	AF=0.0065	AFR_AF=0.0000	EUR_AF=0.0167	SAS_AF=0.0000	EAS_AF=0.0000	GT	0	0	0	0	0	0	0	0
